Code,Msoa_name,education_no qualifications,lone_parent_unemployed,work_49hr_more,families_with_3plus_kids,child_poverty,overcrowded_houses,limiting_long-term_illness_disability,self_harm_hospital_admission,hospital_admission_associated_with_alcohol,samhi_index.2011,population_cannot_speak_english
E02000001,City of London 001,6.7,24.2,1817,8.816705336,7.1,34.6,11.5,19.2,71.4,-1.813009486950949,1.4
E02000002,Barking and Dagenham 001,32.3,56.0,203,19.0521327,27.2,14.7,20.4,62.6,110.1,-1.346894583465078,2.4
E02000003,Barking and Dagenham 002,22.8,48.8,497,19.14285714,17.9,14.1,15.9,28.1,81.8,-1.86795815839451,2.7
E02000004,Barking and Dagenham 003,30.1,42.2,300,17.66917293,18.4,8.1,18.3,31.2,85.9,-1.691722201482364,0.8
E02000005,Barking and Dagenham 004,28.9,52.3,362,19.67334818,19.6,15.1,16.8,34.5,98.2,-1.650570807817104,2.6
E02000007,Barking and Dagenham 006,32.1,57.3,307,20.82459818,27.5,17.8,18.0,33.4,99.6,-1.164483165598033,2.1
E02000008,Barking and Dagenham 007,32.3,54.9,429,17.10945802,24.6,17.0,19.2,47.1,116.5,-1.002613508554923,2.6
E02000009,Barking and Dagenham 008,29.1,51.0,342,17.25431358,27.2,20.1,17.3,37.4,103.5,-1.382882788783789,3.6
E02000010,Barking and Dagenham 009,31.1,61.7,311,19.33662668,26.8,19.6,17.0,45.7,108.8,-1.667014983947767,2.3
E02000011,Barking and Dagenham 010,28.6,48.3,254,18.99313501,22.5,13.3,15.9,21.9,90.5,-1.830646571949165,2.6
E02000012,Barking and Dagenham 011,22.8,45.7,418,24.06456346,13.7,14.2,14.2,26,87.6,-2.239487896086431,5.2
E02000013,Barking and Dagenham 012,31.2,52.6,332,22.8978979,25.0,17.4,17.1,41,89.1,-1.44960836201357,2.6
E02000014,Barking and Dagenham 013,32.8,57.8,368,19.2722372,22.1,17.8,18.0,33.6,108.1,-1.649921982713232,2.6
E02000015,Barking and Dagenham 014,30.5,56.4,274,19.7865353,28.0,21.5,17.2,51.4,135.4,-1.526072355033292,2.3
E02000016,Barking and Dagenham 015,15.0,55.2,295,19.83673469,26.3,46.2,8.7,55.9,81.7,-2.262692117505135,6.8
E02000017,Barking and Dagenham 016,20.0,47.7,350,22.55707763,16.9,25.0,14.3,28.6,85.2,-2.154457478154359,8.5
E02000018,Barking and Dagenham 017,30.1,57.3,298,19.71544715,24.2,20.5,16.5,35.1,95.4,-1.678722290055919,3.4
E02000019,Barking and Dagenham 018,28.8,54.0,298,20.86700955,25.4,18.4,15.9,45.3,89.2,-2.175007978234269,2.6
E02000020,Barking and Dagenham 019,27.1,50.6,349,23.06049822,22.5,21.8,16.8,35.4,95.8,-1.932343916091845,5.3
E02000021,Barking and Dagenham 020,28.1,50.8,312,23.3278956,23.2,18.6,16.7,29.8,87.3,-1.861495126713281,3.5
E02000022,Barking and Dagenham 021,24.9,59.2,264,24.20856611,30.4,38.8,12.8,37.9,95.4,-2.242628188351885,6.2
E02000023,Barking and Dagenham 022,24.9,59.7,220,24.03169014,27.4,27.5,14.6,38.1,117.3,-2.229184500769036,3.8
E02000024,Barnet 001,12.4,29.2,924,14.21838178,7.7,9.7,14.5,50.2,75.9,-1.342137009951518,1.5
E02000025,Barnet 002,15.8,47.1,619,11.67664671,13.5,14.5,15.7,54.4,105.9,-1.560894242252584,1.4
E02000026,Barnet 003,15.6,28.7,474,13.93341554,8.3,7.4,14.7,41.2,76.2,-1.683781199911312,1.7
E02000027,Barnet 004,22.6,47.4,498,18.62318841,19.6,14.8,17.1,69.4,105.9,-1.082707440286849,2.4
E02000028,Barnet 005,13.5,55.4,506,13.95646607,15.9,11.0,12.9,44.6,72.6,-1.559873777968382,2.5
E02000029,Barnet 006,16.7,47.5,558,13.4439834,14.8,14.3,13.9,57.2,96.8,-1.456155146836693,2.0
E02000030,Barnet 007,17.8,45.6,798,17.51509922,9.5,6.7,15.1,50.7,78.8,-1.317720562041525,1.4
E02000031,Barnet 008,14.5,47.1,642,14.81481481,5.8,9.4,15.6,52,75.4,-0.9475575421384578,3.2
E02000032,Barnet 009,16.3,30.6,546,13.73307544,6.0,6.3,14.0,52.8,71.8,-2.041845885435796,2.8
E02000033,Barnet 010,18.5,48.9,504,15.25862069,14.8,13.1,16.1,61.3,89.3,-1.336338486036896,3.2
E02000034,Barnet 011,15.5,42.2,643,13.14636284,13.2,13.1,14.4,39.9,80.3,-1.290278138921864,3.0
E02000035,Barnet 012,14.2,47.3,677,12.93478261,12.1,18.3,15.7,47.8,80.9,-0.8225253189240801,3.8
E02000036,Barnet 013,17.6,42.7,650,19.73333333,12.6,14.9,14.4,45.1,92.5,-1.514595552846598,3.4
E02000037,Barnet 014,17.2,44.6,679,26.85325265,7.8,11.9,14.2,60.9,71.2,-1.725785875279106,2.7
E02000038,Barnet 015,15.4,46.1,817,15.54054054,12.5,16.1,14.7,73.1,86.7,-1.108419693100457,3.9
E02000039,Barnet 016,11.3,36.4,638,18.23085221,9.0,11.1,12.6,26.5,74.7,-1.398686534650424,2.3
E02000040,Barnet 017,17.5,49.6,503,22.63759086,12.8,14.2,14.8,49.6,71.9,-1.2367737436157,3.7
E02000041,Barnet 018,18.2,43.0,545,25.15611062,12.9,17.1,14.8,68.4,94.1,-1.853357777755926,4.9
E02000042,Barnet 019,14.9,43.2,807,13.36593317,11.6,20.7,15.4,48.4,88.0,-0.9485321818583063,5.6
E02000043,Barnet 020,10.4,32.4,696,14.59510358,3.9,8.6,11.2,20.4,55.8,-1.601790749640879,4.6
E02000044,Barnet 021,21.0,47.5,475,18.12191104,17.1,20.9,15.0,57.7,90.8,-1.486399874338737,4.5
E02000045,Barnet 022,16.7,48.7,677,13.23430115,15.8,20.3,14.1,73,84.8,-1.46945320318791,3.7
E02000046,Barnet 023,11.1,43.2,659,11.8556701,8.9,22.4,12.1,43.5,68.8,-1.612385768555202,4.9
E02000047,Barnet 024,24.2,48.9,515,20.72127139,19.8,29.0,15.9,51.3,106.9,-1.205395228724889,7.4
E02000048,Barnet 025,12.4,47.8,854,18.51568477,10.0,12.4,12.3,35,66.1,-1.494803537626168,3.6
E02000049,Barnet 026,21.4,47.4,254,26.6146203,30.0,34.3,15.2,62.5,109.4,-1.454341275733813,5.7
E02000050,Barnet 027,16.4,47.4,760,17.16475096,15.5,20.6,15.1,29.4,85.8,-1.497724456869944,4.6
E02000051,Barnet 028,12.9,40.8,717,22.04301075,7.1,16.0,14.2,25.5,61.2,-1.925210101652192,3.8
E02000052,Barnet 029,11.7,46.8,953,13.83075523,10.7,18.4,12.9,26.2,68.4,-1.424450411687009,2.9
E02000053,Barnet 030,15.5,51.5,501,17.45235707,18.7,38.0,11.4,34.9,77.1,-1.806712053795386,7.4
E02000054,Barnet 031,11.8,47.2,560,18.33333333,13.7,24.6,12.1,46.5,77.9,-1.701866713989712,5.5
E02000055,Barnet 032,14.0,37.9,824,23.22193659,10.1,26.5,13.2,41,77.9,-1.210479557583672,4.9
E02000056,Barnet 033,9.0,41.4,1057,26.13240418,4.1,7.9,11.1,40.5,45.4,-1.682917087200302,1.7
E02000057,Barnet 034,13.7,39.2,510,35.9462486,7.1,19.1,11.7,32.7,80.7,-1.779234929142146,4.6
E02000058,Barnet 035,9.6,44.1,956,25.25083612,6.8,15.8,11.3,61,62.8,-1.855320228514568,2.6
E02000059,Barnet 036,19.9,45.9,571,18.0620155,14.2,31.6,15.4,36.5,93.0,-1.412995205839356,8.0
E02000060,Barnet 037,14.7,54.5,686,47.58394758,5.9,20.6,12.7,57.2,81.9,-1.814745603511345,3.6
E02000061,Barnet 038,9.3,39.8,849,21.15621156,6.6,24.5,11.9,28.6,46.7,-1.697131447768044,3.6
E02000062,Barnet 039,21.1,54.1,335,21.97149644,23.9,30.7,14.3,64.9,88.0,-1.647759227273266,7.5
E02000063,Barnet 040,16.7,53.8,447,22.78911565,18.5,21.3,14.0,28.4,88.5,-1.107242812825876,8.0
E02000064,Barnet 041,16.6,54.7,478,18.15754339,23.6,26.7,15.1,46.4,95.4,-1.668190354804443,5.1
E02000065,Bexley 001,17.6,44.5,312,22.79469165,21.3,19.2,10.3,24.1,104.8,-1.721945113453746,2.4
E02000066,Bexley 002,24.9,47.8,404,20.9902371,26.7,17.9,15.8,35.7,97.8,-1.702072225724234,3.7
E02000067,Bexley 003,23.6,45.1,455,17.1969697,24.5,14.1,15.4,42.3,114.7,-1.94690402307412,2.5
E02000068,Bexley 004,22.5,56.2,383,19.25087108,28.0,17.2,14.1,107.7,119.4,-1.88368274968767,2.2
E02000069,Bexley 005,25.0,45.1,327,19.76744186,20.2,10.0,18.7,51.3,113.4,-1.639790586767968,1.7
E02000070,Bexley 006,23.9,30.9,440,16.08606557,13.5,5.3,17.7,24.5,86.0,-1.84094674595578,1.1
E02000071,Bexley 007,23.6,41.1,424,17.10654936,19.7,6.6,15.7,38,105.3,-1.638068726900018,1.3
E02000072,Bexley 008,28.3,56.1,488,20.36474164,26.6,17.8,16.1,92.2,115.5,-1.616307797295464,1.1
E02000073,Bexley 009,21.9,30.1,575,17.18972896,8.5,3.4,15.1,31.9,81.7,-1.65821170428196,1.1
E02000074,Bexley 010,30.2,50.8,348,16.63516068,28.6,9.9,19.4,126.3,113.0,-1.031429815365884,0.9
E02000075,Bexley 011,22.8,37.9,482,12.06521739,8.2,3.2,16.8,19.7,74.1,-1.64952980820997,0.6
E02000077,Bexley 013,24.9,28.0,413,16.95736434,11.0,5.4,15.8,29.5,83.8,-1.539571808584754,1.2
E02000078,Bexley 014,19.3,34.4,442,13.71134021,10.3,4.3,14.0,36.1,86.1,-1.542617555794136,0.6
E02000079,Bexley 015,21.1,30.3,506,14.16490486,13.6,5.8,17.7,27,83.0,-1.039148255590377,1.0
E02000080,Bexley 016,24.1,38.6,517,14.48911223,11.3,7.4,15.7,19.9,75.0,-1.66581303261634,1.6
E02000081,Bexley 017,25.5,37.2,416,15.07592191,13.7,4.7,18.6,64.4,96.6,-1.151231653852595,0.6
E02000082,Bexley 018,21.2,21.9,551,12.5,6.0,4.2,13.7,13.8,73.2,-1.748083395909552,0.9
E02000083,Bexley 019,24.0,41.7,530,19.08339594,17.3,6.6,16.3,82,100.8,-1.386090164948453,0.8
E02000084,Bexley 020,19.8,29.6,769,13.46749226,7.8,4.2,14.6,23.4,69.5,-1.516495790511083,0.7
E02000085,Bexley 021,23.8,27.3,460,13.41911765,9.1,5.0,13.9,41.9,87.3,-1.882818010048945,0.7
E02000086,Bexley 022,19.4,25.6,517,12.47401247,5.5,4.1,12.7,31.2,79.0,-1.910016979812219,0.4
E02000087,Bexley 023,18.0,35.2,584,16.95906433,7.0,3.6,15.8,30.2,68.5,-2.185666948509343,0.4
E02000088,Bexley 024,20.4,27.5,475,15.28795812,6.2,3.6,14.6,25.3,71.8,-1.898608952819191,0.4
E02000089,Bexley 025,20.8,26.5,454,13.26530612,7.3,2.5,16.2,31.2,69.1,-1.426105163980559,0.2
E02000090,Bexley 026,21.5,39.8,563,10.99020675,11.6,8.4,18.2,42.3,89.8,-0.6201935092005024,0.5
E02000091,Bexley 027,21.2,39.3,628,14.13953488,14.0,10.1,17.8,43.9,77.4,-1.020367826134696,0.7
E02000092,Bexley 028,28.5,52.7,334,18.34451902,25.5,10.7,20.0,107.3,111.5,-1.399930074288253,1.0
E02000093,Brent 001,21.7,51.8,586,18.48484848,12.1,20.7,14.8,35.8,103.4,-1.911179348871228,9.4
E02000094,Brent 002,19.9,44.0,512,21.9876869,14.6,21.7,13.9,29.1,96.9,-1.99890093302137,7.9
E02000095,Brent 003,21.1,47.2,522,18.21396994,9.5,22.5,16.2,22,82.1,-1.945907634871609,8.6
E02000096,Brent 004,15.3,32.1,567,14.65201465,7.6,12.2,14.8,28.2,88.5,-2.092863477436377,5.4
E02000097,Brent 005,20.9,43.2,448,23.31233123,12.3,19.9,14.8,42.8,108.2,-2.150710163461716,8.4
E02000098,Brent 006,17.0,38.3,474,21.20253165,14.9,20.4,14.5,26.3,102.5,-1.573438818759938,7.0
E02000099,Brent 007,16.8,41.5,485,20.63628547,15.7,27.6,12.7,15.2,88.4,-2.225028224746544,8.1
E02000100,Brent 008,11.5,28.9,564,18.91891892,8.4,23.0,12.3,21.1,106.5,-2.273763749063725,4.1
E02000101,Brent 009,20.2,46.1,445,20.78025478,20.3,28.5,16.1,50.2,120.5,-1.681362472399829,7.7
E02000102,Brent 010,25.7,49.8,322,31.98458574,21.9,31.0,14.9,23.8,142.6,-1.839343249558446,11.0
E02000103,Brent 011,22.3,46.8,443,25.51020408,24.4,23.7,15.6,22.3,111.7,-1.898960506076898,6.9
E02000104,Brent 012,18.3,40.8,369,19.31216931,14.3,21.7,17.1,29.8,98.8,-1.609547475433447,8.3
E02000105,Brent 013,17.2,40.7,412,18.11352254,15.3,31.2,12.9,29.8,120.9,-1.976888105771125,8.6
E02000106,Brent 014,22.7,55.3,464,24.62462462,22.3,32.6,13.6,55.3,134.8,-1.787460329255921,10.6
E02000107,Brent 015,15.9,46.1,841,17.46724891,18.1,34.2,12.8,26.1,116.6,-1.681480133053646,6.4
E02000108,Brent 016,17.9,45.1,306,20.97560976,12.2,27.6,14.5,22.1,130.2,-2.081696265908417,9.1
E02000109,Brent 017,18.9,44.4,457,23.69584439,14.9,33.1,14.7,43.1,119.0,-1.834535236495536,8.3
E02000110,Brent 018,15.1,45.1,629,20.50970874,15.9,24.8,13.7,21.9,99.6,-1.741770915461545,5.6
E02000111,Brent 019,20.0,43.8,412,17.72575251,12.8,35.9,15.4,25.1,111.7,-1.973811335927794,11.1
E02000112,Brent 020,20.3,41.2,473,17.99610895,15.7,34.1,14.8,22.2,126.2,-1.996904963746197,11.2
E02000113,Brent 021,26.3,51.9,271,28.13536828,30.5,36.1,16.6,38.7,152.7,-1.47594320628117,8.1
E02000114,Brent 022,15.3,45.3,710,19.18976546,20.9,35.4,12.1,24.5,85.6,-1.614008434429667,6.9
E02000115,Brent 023,12.9,41.5,874,16.13333333,20.2,35.0,14.9,15.5,118.2,-1.061061823096432,4.5
E02000116,Brent 024,21.8,45.2,383,18.61313869,24.1,40.0,14.2,37.1,148.3,-1.124162747944417,9.4
E02000117,Brent 025,25.3,46.4,360,24.93043962,27.4,36.3,16.3,42.5,134.3,-1.598953577317158,9.1
E02000118,Brent 026,22.7,45.3,388,17.44855967,12.0,34.0,14.7,23,109.5,-2.276141658714632,13.8
E02000119,Brent 027,25.4,47.2,229,28.71467639,24.2,31.8,16.4,29.4,164.3,-1.380373059261718,6.8
E02000120,Brent 028,13.0,45.8,1041,14.00233372,20.8,32.2,12.7,16.3,108.0,-0.9872767827521798,3.5
E02000121,Brent 029,21.6,52.2,384,14.79400749,14.1,34.8,14.3,21.8,118.5,-2.235222999103471,14.6
E02000122,Brent 030,16.0,38.1,704,21.19914347,13.3,18.7,14.1,21.5,99.8,-1.604802559635995,3.8
E02000123,Brent 031,22.5,49.0,709,19.94177584,23.6,38.7,14.0,26.4,139.0,-1.638227599709052,10.0
E02000124,Brent 032,12.3,41.2,1195,15.85040071,14.3,25.9,11.2,17.2,105.9,-1.355315871528741,3.4
E02000125,Brent 033,17.6,42.9,879,15.09881423,15.0,23.2,13.1,24.5,93.6,-1.461877700747451,5.3
E02000126,Brent 034,22.4,47.9,359,25.0,32.7,38.5,17.2,42.1,143.8,-0.510729084521327,5.1
E02000127,Bromley 001,27.8,53.2,463,15.24590164,29.0,10.9,19.5,44.4,87.7,-0.6153279828391975,1.0
E02000128,Bromley 002,18.1,38.8,586,11.08786611,10.0,4.7,14.3,41.6,73.1,-1.297588699232356,0.5
E02000130,Bromley 004,14.8,34.7,573,16.35094716,13.3,12.1,13.7,69.6,83.8,-1.155791203745545,1.7
E02000131,Bromley 005,13.3,45.4,649,13.24324324,22.4,22.0,12.8,32.4,81.6,-1.062193773968238,1.9
E02000132,Bromley 006,14.1,49.8,814,9.213759214,17.0,12.7,14.6,30.9,79.1,-1.19497230227976,1.1
E02000133,Bromley 007,11.7,34.3,1146,13.88646288,6.5,3.0,14.5,34.3,60.2,-1.526045903837023,0.3
E02000134,Bromley 008,15.0,41.7,908,9.42408377,13.5,12.5,14.7,60.5,98.6,-1.199232610843395,1.1
E02000135,Bromley 009,22.7,49.0,435,15.44217687,31.2,26.0,17.6,73.3,129.7,-0.68499917390091,2.5
E02000136,Bromley 010,23.8,55.6,391,17.27272727,17.4,7.9,19.8,23.1,75.5,-0.979956786636994,0.8
E02000137,Bromley 011,13.0,39.2,657,13.47926267,6.7,6.4,14.4,43.7,73.9,-1.016835003286732,0.8
E02000138,Bromley 012,11.6,28.4,781,11.27717391,4.9,6.4,14.5,36.5,67.4,-1.190466098496255,0.7
E02000139,Bromley 013,14.0,36.1,598,11.06427819,7.3,8.6,12.3,48.2,72.7,-1.129950938890853,0.9
E02000140,Bromley 014,32.1,53.8,346,21.40522876,31.6,11.7,19.4,72.7,117.6,-0.568632624578394,1.1
E02000141,Bromley 015,16.7,38.1,449,14.36170213,13.4,11.0,13.3,44.1,89.2,-1.030254434551997,1.3
E02000142,Bromley 016,14.8,36.9,721,15.55959964,6.4,6.2,13.8,52.1,74.4,-1.183621863237469,0.7
E02000144,Bromley 018,10.5,31.5,782,11.48587056,7.0,9.2,11.5,22.9,69.7,-1.232251864608098,0.9
E02000145,Bromley 019,30.4,55.7,366,19.41594317,31.1,12.4,17.3,88.6,112.9,-0.999635301907672,1.1
E02000146,Bromley 020,16.6,19.4,582,11.88380282,6.3,8.5,14.7,35.8,67.6,-1.559349628335252,0.4
E02000147,Bromley 021,11.6,26.1,654,19.52965235,4.4,3.4,13.0,40.8,64.2,-1.263387655817306,0.4
E02000148,Bromley 022,15.2,29.2,530,14.1509434,4.9,3.7,13.8,29.6,70.5,-1.540144299361144,0.4
E02000149,Bromley 023,25.4,47.5,445,14.24581006,24.6,8.0,17.0,64.6,85.6,-0.9261494318629846,0.8
E02000150,Bromley 024,17.4,30.1,599,15.67291312,6.1,3.7,13.5,55.2,70.3,-1.118471024752815,0.6
E02000151,Bromley 025,15.5,25.9,631,11.02863203,3.4,1.7,13.9,24.1,68.6,-1.70849135481815,0.4
E02000152,Bromley 026,25.7,51.5,348,18.73684211,20.5,9.0,18.1,55.9,84.3,-1.155901400927387,0.9
E02000153,Bromley 027,15.5,19.9,544,15.43498597,4.3,2.0,11.8,33.7,60.0,-1.209683715244938,0.2
E02000154,Bromley 028,16.7,39.9,616,14.59183673,10.0,7.6,14.4,56.2,66.8,-1.033859986827026,0.7
E02000155,Bromley 029,27.1,26.0,384,15.83220568,15.5,4.7,19.5,42.6,92.1,-0.9054364157298056,0.5
E02000156,Bromley 030,15.8,21.7,843,15.0390625,4.5,5.6,14.8,35.6,77.6,-1.274440998364466,0.4
E02000157,Bromley 031,14.9,22.9,499,15.47131148,3.6,3.2,15.2,18.3,68.2,-1.275043431469778,0.4
E02000158,Bromley 032,22.1,55.5,396,22.04806688,23.4,5.6,17.2,36.7,82.1,-1.055698602111345,0.7
E02000159,Bromley 033,16.6,33.3,585,17.01346389,6.0,2.3,14.2,34,76.5,-1.429202949101486,0.2
E02000160,Bromley 034,16.1,25.3,642,16.60039761,5.2,4.6,13.8,51.6,73.2,-1.006929714145325,0.4
E02000161,Bromley 035,16.2,23.8,571,14.49407475,3.8,2.4,13.5,22.4,68.8,-1.310968843889674,0.3
E02000162,Bromley 036,23.4,32.2,428,13.60381862,10.4,6.9,17.4,60.5,79.1,-1.155036835702455,0.4
E02000163,Bromley 037,16.8,25.9,631,15.23394995,7.7,2.9,14.0,56.9,77.4,-1.32463711229433,0.2
E02000165,Bromley 039,17.4,24.7,528,15.82417582,9.9,3.8,11.6,39.2,69.5,-1.462594541232355,0.1
E02000166,Camden 001,13.2,49.4,758,16.18303571,15.4,18.2,16.7,66.4,92.0,-0.7888554747782861,1.6
E02000167,Camden 002,5.5,31.9,1431,15.71753986,3.1,15.8,10.5,40.5,47.8,-1.431979930759696,1.0
E02000168,Camden 003,12.4,47.7,871,15.27777778,14.1,27.3,14.9,32.3,87.9,-0.7569446126047732,1.8
E02000169,Camden 004,6.7,38.4,1178,20.75919336,3.6,13.4,9.8,17.6,35.9,-1.400587600396053,1.3
E02000170,Camden 005,7.6,37.3,1124,12.03369434,11.4,28.9,11.0,46.5,61.6,-1.603427927660396,2.0
E02000171,Camden 006,10.1,53.3,1048,16.37831603,14.6,24.5,13.7,29,75.7,-1.034728463843772,1.7
E02000172,Camden 007,22.3,60.8,633,20.94370861,29.6,37.3,19.8,42.6,128.8,-0.6383509320556334,4.4
E02000173,Camden 008,6.0,44.0,1433,15.09433962,5.7,28.9,10.8,25.3,59.8,-1.463236449791211,1.7
E02000174,Camden 009,14.5,50.8,821,17.34693878,23.0,35.4,15.3,30.5,92.2,-0.7412699525218505,3.3
E02000175,Camden 010,8.6,48.1,1423,13.18537859,16.4,31.7,11.8,30.2,77.8,-1.334187471818906,2.3
E02000176,Camden 011,5.4,31.9,1304,11.28205128,3.1,26.1,9.8,45,58.9,-1.380709040064888,1.4
E02000177,Camden 012,19.1,59.3,814,22.13279678,28.0,32.8,18.5,39.5,131.0,-0.7716675494839528,3.9
E02000178,Camden 013,14.4,50.9,1033,18.08118081,28.5,35.8,16.9,32.8,101.7,-0.8660487436052475,3.6
E02000179,Camden 014,11.6,58.7,852,18.90166028,17.9,29.4,12.3,27.1,76.1,-1.189551710503621,2.8
E02000180,Camden 015,13.4,45.9,715,20.52631579,23.8,35.1,14.0,34.7,93.9,-0.8411955886966388,3.7
E02000181,Camden 016,6.5,59.0,1432,11.25356125,14.4,22.3,10.2,25.1,62.2,-1.501304795615892,1.4
E02000182,Camden 017,11.9,59.5,901,19.33774834,14.6,24.6,13.5,24.9,69.2,-1.416134941387602,4.2
E02000183,Camden 018,11.4,53.3,1254,19.37984496,14.9,31.3,14.4,47.2,95.1,-1.105401508887819,1.7
E02000184,Camden 019,17.3,54.4,558,21.67755991,32.1,37.7,16.5,36.5,130.2,-0.7782351512517416,4.6
E02000185,Camden 020,18.6,57.6,641,21.74381055,28.5,38.9,18.9,31.8,108.5,-0.8588811539088995,4.5
E02000186,Camden 021,12.6,51.6,809,16.95906433,21.7,39.4,14.8,38.9,126.7,-0.7681672383273236,3.7
E02000187,Camden 022,25.4,58.3,338,26.54508612,30.7,37.8,19.7,35.3,138.3,-0.630738610856838,7.2
E02000188,Camden 023,20.0,46.3,332,27.10059172,28.0,41.1,16.4,29.3,140.4,-0.6366764184505984,6.6
E02000189,Camden 024,15.4,42.2,337,40.98073555,20.9,47.6,13.9,22.1,121.1,-0.9208745692621998,6.5
E02000190,Camden 025,11.8,36.9,489,25.88726514,20.8,43.8,15.5,28.2,101.6,-1.550286299908912,3.9
E02000191,Camden 026,5.8,28.7,710,26.4084507,13.7,46.4,9.6,22.9,88.2,-1.816633725862309,2.9
E02000192,Camden 027,16.0,58.3,871,22.09302326,25.1,38.2,16.8,34.8,113.2,-1.140272317738452,4.6
E02000193,Camden 028,8.3,45.5,1001,14.16893733,17.4,43.8,13.7,28.9,78.5,-1.112917592275564,2.4
E02000194,Croydon 001,13.5,38.2,577,13.60136869,19.6,20.6,13.5,44.9,84.6,-1.33633775964314,2.0
E02000195,Croydon 002,15.5,39.3,594,16.83501684,12.4,10.5,13.7,29.3,66.3,-1.695066953192029,2.9
E02000196,Croydon 003,18.8,40.8,405,20.98501071,16.8,17.6,15.6,25.7,87.3,-1.555915766387478,5.1
E02000197,Croydon 004,16.4,48.6,444,19.88906498,14.8,17.8,14.6,27.3,99.5,-1.703254149436983,5.5
E02000198,Croydon 005,19.7,42.9,338,18.57585139,23.0,20.3,13.7,67.2,95.8,-1.605413196717264,3.1
E02000199,Croydon 006,16.0,35.6,368,18.62891207,17.7,16.3,12.3,28.7,88.3,-1.776501955728562,2.7
E02000200,Croydon 007,16.3,48.0,450,13.61665221,20.3,23.4,14.6,42.5,85.9,-0.8094309932627529,2.0
E02000201,Croydon 008,17.7,44.6,361,14.1329259,25.6,27.6,15.2,31.2,93.2,-1.039204153845635,2.4
E02000202,Croydon 009,17.5,37.5,369,19.79166667,15.2,16.4,14.0,34.4,82.6,-1.571936375126068,5.0
E02000203,Croydon 010,19.1,41.5,342,17.52096925,20.0,25.8,15.1,69.6,110.3,-0.7550286875343719,4.1
E02000204,Croydon 011,17.2,43.3,386,22.59541985,15.8,19.4,14.3,34,81.6,-1.708889776569646,4.8
E02000206,Croydon 013,19.2,43.3,333,17.7704918,25.9,25.2,15.4,53.2,104.8,-1.267207405337498,3.2
E02000207,Croydon 014,18.6,45.9,389,19.13875598,22.5,20.4,14.8,77.1,94.0,-1.242735066284644,1.9
E02000208,Croydon 015,19.6,49.9,362,15.2173913,27.4,33.6,14.8,84.6,119.0,-0.9061266454747182,5.0
E02000209,Croydon 016,18.4,44.5,319,20.08639309,19.2,20.3,12.9,55.4,85.2,-1.988228528081418,5.6
E02000210,Croydon 017,16.3,36.1,420,14.57990115,16.7,12.5,12.1,40.1,74.2,-1.45782342501108,2.0
E02000211,Croydon 018,18.4,27.1,525,12.8600823,9.7,6.7,15.1,32.1,71.5,-1.752388684892366,1.0
E02000212,Croydon 019,21.0,46.4,293,18.77256318,20.8,26.2,12.8,58.3,92.3,-1.418678399831693,5.8
E02000213,Croydon 020,17.9,54.7,372,14.45864156,25.7,34.7,15.9,70.1,144.1,-1.426575511175401,4.8
E02000214,Croydon 021,15.1,30.7,407,15.72164948,9.7,7.6,14.3,36.9,68.7,-1.572597826230384,1.5
E02000215,Croydon 022,15.0,52.9,690,10.56845476,17.1,24.5,14.9,51.2,112.3,-1.577075611087929,3.3
E02000216,Croydon 023,11.9,44.3,501,10.83437111,6.8,12.2,15.9,13.3,69.2,-1.571245566186181,2.3
E02000217,Croydon 024,16.4,51.5,565,13.17280453,21.0,22.9,12.9,51.2,79.6,-1.691996007874677,3.0
E02000218,Croydon 025,19.5,48.9,257,20.77067669,26.9,13.8,14.1,45.2,77.4,-1.624788691185207,2.3
E02000219,Croydon 026,16.7,29.6,555,14.47212337,8.7,2.8,16.5,36,65.1,-1.869744551275304,1.1
E02000220,Croydon 027,13.3,37.8,703,8.21799308,19.4,30.6,14.6,58.7,107.8,-0.9802988723952228,3.1
E02000221,Croydon 028,21.2,48.3,469,18.21835231,24.2,17.7,16.4,50.7,93.7,-1.194520920507015,3.1
E02000222,Croydon 029,12.1,40.1,597,11.21593291,10.4,15.5,12.7,24.6,67.9,-1.464062678162794,1.5
E02000223,Croydon 030,33.4,53.3,226,24.98418722,33.6,20.5,16.5,58.9,95.6,-1.388480968624894,1.6
E02000224,Croydon 031,12.2,45.8,589,12.01550388,12.4,16.8,12.0,49.9,73.9,-1.467341995892165,1.5
E02000225,Croydon 032,33.3,50.0,305,24.83598875,26.9,10.8,17.6,58.6,89.6,-1.456988384078832,0.9
E02000226,Croydon 033,14.1,29.8,552,10.79545455,7.0,2.7,14.1,37.7,69.5,-1.710187178507422,0.9
E02000227,Croydon 034,18.5,35.6,677,14.15157612,18.8,7.4,14.7,47.4,73.1,-1.418385860503648,0.8
E02000228,Croydon 035,11.2,35.4,655,15.48022599,4.1,2.6,14.0,21.8,57.9,-1.547978894167939,0.8
E02000229,Croydon 036,37.7,52.2,211,22.4852071,30.9,16.0,20.4,64.9,122.1,-1.36910331582227,1.3
E02000230,Croydon 037,13.0,41.3,744,14.42542787,10.2,10.8,15.4,55.8,76.9,-1.106831456810792,1.3
E02000231,Croydon 038,12.7,38.1,756,16.20171674,5.0,4.5,14.7,38.3,58.7,-1.284768110477818,1.2
E02000232,Croydon 039,20.0,37.5,389,14.98079385,9.4,4.0,16.0,70.2,72.5,-1.447324849856372,0.8
E02000233,Croydon 040,15.8,40.6,396,14.61988304,11.4,7.1,14.5,42.5,69.9,-1.158616042575495,1.0
E02000234,Croydon 041,15.5,35.9,556,15.47729379,15.2,8.5,14.1,62.9,85.0,-1.263779887072468,0.9
E02000235,Croydon 042,14.2,40.7,560,13.63163371,9.6,5.2,12.8,42.4,71.0,-1.29951391770042,0.5
E02000236,Croydon 043,15.1,31.4,545,16.22678397,9.0,3.3,12.2,46.7,65.8,-1.559536760313,0.4
E02000237,Croydon 044,20.5,35.4,455,13.10043668,11.3,3.9,17.8,115,71.8,-0.935686977673249,0.5
E02000238,Ealing 001,18.9,45.3,525,17.65612953,15.7,20.7,13.0,54.3,113.5,-2.008421515778459,8.4
E02000239,Ealing 002,14.7,33.1,507,18.44380403,8.6,18.0,12.3,14.4,97.9,-1.921064095602174,8.6
E02000240,Ealing 003,23.4,52.7,454,19.1886671,23.7,23.7,15.3,54.5,153.3,-1.467327829006608,5.9
E02000241,Ealing 004,17.6,43.3,325,15.38461538,14.9,20.7,12.0,43.4,113.0,-1.714705673149866,6.6
E02000242,Ealing 005,17.8,45.6,358,20.14218009,11.2,23.6,13.5,39.2,133.8,-1.915817759037746,10.1
E02000243,Ealing 006,18.6,42.1,451,15.625,15.9,20.9,15.0,47.7,128.7,-1.391462183365136,8.2
E02000244,Ealing 007,16.1,41.0,510,17.62785637,15.3,19.0,12.6,28.5,129.7,-1.663041899757153,8.7
E02000245,Ealing 008,25.4,61.1,317,19.15384615,26.8,28.8,16.7,90.4,160.5,-1.044170695194034,6.4
E02000246,Ealing 009,25.9,48.9,333,25.0,21.4,23.5,15.6,41.6,129.4,-1.335982191824543,5.8
E02000247,Ealing 010,22.0,54.9,479,18.80286272,21.1,25.7,15.7,43.2,142.9,-1.145626876163028,6.6
E02000248,Ealing 011,11.2,55.5,571,15.88785047,16.1,22.8,12.3,40.4,104.3,-1.894119448629001,8.5
E02000249,Ealing 012,20.8,44.9,393,19.83556012,14.6,23.4,15.3,33.6,138.5,-1.490313896531749,8.3
E02000250,Ealing 013,6.9,24.8,650,13.64705882,4.0,9.3,11.8,35.4,82.8,-1.726019042451239,2.2
E02000251,Ealing 014,18.4,48.8,339,20.92793682,13.1,20.4,13.9,39.8,141.9,-1.717104094122802,8.8
E02000252,Ealing 015,16.3,53.6,627,18.51520572,28.4,36.5,13.7,38.1,116.7,-1.405607880438176,6.5
E02000253,Ealing 016,23.3,47.9,451,18.57651246,24.8,22.7,18.9,113.5,159.6,-1.133315799593389,7.1
E02000254,Ealing 017,20.5,49.6,341,20.856102,15.5,25.0,15.6,56.4,160.0,-1.620727422621319,10.3
E02000255,Ealing 018,12.5,50.8,702,19.31364725,18.3,20.6,13.3,53.2,111.1,-1.581928527261333,4.5
E02000256,Ealing 019,7.3,40.0,957,14.46808511,9.8,24.1,11.8,44,97.6,-1.292919289357943,3.6
E02000257,Ealing 020,7.6,45.2,1463,15.1372549,9.6,21.7,11.7,69,90.9,-1.281556276506215,5.4
E02000258,Ealing 021,13.0,52.1,526,19.13580247,14.5,23.7,12.1,18.4,122.9,-1.299825834287235,7.9
E02000259,Ealing 022,13.0,39.4,463,16.05504587,9.4,14.1,11.7,57.1,107.7,-1.518765845957157,5.2
E02000260,Ealing 023,21.7,52.4,320,21.65354331,15.3,28.1,17.6,33.4,145.9,-1.80202331350269,13.0
E02000261,Ealing 024,14.8,53.6,779,25.51781276,18.2,34.1,13.6,27.9,102.1,-1.502051280352741,6.5
E02000262,Ealing 025,14.8,42.0,720,18.75616979,18.1,30.0,14.6,35.2,125.6,-0.7443355978590124,6.1
E02000263,Ealing 026,24.1,55.6,346,23.07157748,16.4,32.5,17.3,54.9,192.4,-1.635524250416141,16.0
E02000264,Ealing 027,8.9,49.6,859,18.99371069,13.6,23.2,12.1,48.7,112.5,-1.27788038603023,5.0
E02000265,Ealing 028,14.7,50.0,843,15.41984733,18.6,26.4,14.1,95.8,149.5,-0.7556826119846521,4.9
E02000266,Ealing 029,24.0,55.0,399,27.32240437,24.7,34.2,19.4,95.3,144.3,-1.209058178056853,9.0
E02000267,Ealing 030,13.7,35.5,515,12.21621622,15.4,18.8,12.3,57.4,133.9,-1.51512372598971,5.4
E02000268,Ealing 031,12.9,48.6,940,14.88095238,11.8,17.5,13.3,56.2,111.4,-1.205253413409862,3.7
E02000269,Ealing 032,8.0,36.0,834,15.11017838,7.0,13.7,10.6,51.8,86.3,-1.203412603238739,3.0
E02000270,Ealing 033,19.7,57.8,441,24.66793169,27.5,33.7,16.2,51.7,151.7,-1.070162203113219,7.9
E02000271,Ealing 034,7.8,41.0,965,12.85189718,7.2,13.2,9.0,28.7,83.6,-1.666804963318008,2.0
E02000272,Ealing 035,11.3,33.0,561,13.52657005,7.3,9.2,12.2,47,101.0,-1.410297479277836,2.8
E02000274,Ealing 037,23.2,60.5,458,24.96924969,17.8,34.7,15.3,39.5,189.8,-2.117880240086542,14.9
E02000275,Ealing 038,22.8,60.5,287,19.11057692,19.4,29.7,18.9,66.1,151.9,-1.397219800032533,12.9
E02000276,Ealing 039,9.0,36.2,617,11.54345006,8.1,14.1,10.0,48.2,104.6,-1.178742583684943,2.8
E02000277,Enfield 001,27.7,58.1,319,17.02755906,22.5,14.1,15.7,22.1,82.7,-1.508707765813147,5.0
E02000278,Enfield 002,32.4,62.0,282,23.27402135,32.6,19.8,17.9,31.8,101.3,-1.397160422248146,6.6
E02000279,Enfield 003,24.8,61.0,519,21.11702128,31.6,20.0,13.7,44.1,98.4,-1.295124728104471,6.2
E02000280,Enfield 004,21.5,50.8,520,15.32599492,18.1,11.0,15.9,48.9,91.8,-1.177608426260488,2.2
E02000281,Enfield 005,23.3,58.7,439,14.6539028,22.9,18.7,15.9,36,92.6,-1.103855219520039,3.9
E02000282,Enfield 006,32.4,63.9,296,20.8281054,33.3,24.5,16.1,30.5,111.3,-1.810523084197405,8.7
E02000283,Enfield 007,28.3,56.5,325,25.75406032,28.7,15.8,14.9,26.8,99.9,-2.04750055156422,5.5
E02000284,Enfield 008,18.1,46.4,540,12.37209302,14.8,11.9,15.0,34.3,99.4,-1.173310445061591,1.5
E02000285,Enfield 009,17.9,38.6,402,15.14124294,10.3,4.9,14.1,39.3,83.9,-1.415791457171992,1.7
E02000286,Enfield 010,17.4,35.7,645,9.7799511,14.6,12.5,16.5,41.2,95.2,-1.011220301605675,1.3
E02000287,Enfield 011,17.8,45.7,614,15.72739187,9.9,9.0,15.4,28.8,78.5,-1.73123118126035,2.4
E02000288,Enfield 012,27.7,57.5,390,22.21514959,26.5,24.1,16.0,31.6,106.1,-1.386203186331439,7.6
E02000289,Enfield 013,17.8,37.1,408,14.4057623,10.1,3.5,15.2,35.9,83.6,-1.411960137563038,1.7
E02000290,Enfield 014,29.7,57.0,236,17.11851278,27.9,28.5,15.0,26.6,112.8,-1.579830668919156,8.8
E02000291,Enfield 015,21.3,54.8,541,14.03212172,21.8,20.2,15.9,24.3,92.1,-1.583969166397726,3.8
E02000292,Enfield 016,22.0,47.1,458,15.89928058,18.3,11.2,13.9,51,91.8,-1.741565892707593,3.7
E02000293,Enfield 017,15.8,41.2,565,16.40826873,6.4,4.8,14.2,30.5,73.0,-1.495391077452086,1.3
E02000294,Enfield 018,27.8,56.3,256,25.25814138,25.2,17.8,16.0,23.2,99.8,-1.367768883477938,7.5
E02000295,Enfield 019,17.0,41.6,600,14.06945681,12.0,11.5,15.2,36.4,89.5,-1.438613491935345,3.2
E02000296,Enfield 020,19.0,51.5,618,14.19529837,17.0,17.3,16.0,29.5,88.8,-2.054137365553822,4.7
E02000297,Enfield 021,19.0,34.4,630,14.75256769,9.1,7.5,14.8,22.1,87.3,-1.620952684884896,2.8
E02000298,Enfield 022,14.3,28.0,760,16.77083333,6.4,8.4,12.8,34.6,76.9,-1.367777144162606,2.0
E02000299,Enfield 023,28.6,50.9,310,23.9546421,27.4,26.0,15.8,30.7,107.2,-1.237873969299454,8.6
E02000300,Enfield 024,24.8,55.1,254,22.41238794,27.1,23.1,14.4,40.3,100.3,-1.739549499526035,8.1
E02000301,Enfield 025,29.6,52.9,288,20.8358209,30.2,26.9,16.2,40.1,112.2,-1.329382063807165,9.6
E02000302,Enfield 026,22.7,38.7,493,17.72853186,13.4,14.6,16.4,43.3,98.8,-1.609644481062785,4.8
E02000303,Enfield 027,31.3,59.3,269,24.37357631,29.0,28.7,18.2,42.8,113.7,-1.866994952789893,8.7
E02000304,Enfield 028,13.7,30.8,715,14.32958035,6.9,8.2,13.9,N/A - not available,72.6,-1.920422262574367,2.6
E02000305,Enfield 029,15.4,34.2,683,11.6097561,12.7,18.9,13.6,42.3,105.0,-1.479367276686595,4.7
E02000306,Enfield 030,31.7,58.2,213,23.43647136,31.7,32.6,16.9,51.4,121.6,-1.546674799224485,10.1
E02000307,Enfield 031,25.6,53.5,381,20.54317549,23.1,17.2,14.7,29.8,81.3,-2.190523218036456,8.8
E02000308,Enfield 032,17.8,54.5,466,15.78947368,18.6,17.6,15.7,44.7,101.9,-1.373929231927226,5.9
E02000309,Enfield 033,27.1,54.3,300,21.83976261,29.0,29.9,14.3,28.7,107.6,-1.76257594284463,10.1
E02000311,Enfield 035,22.6,46.7,477,17.10825132,23.5,20.6,16.2,25.2,93.2,-1.72377134675906,8.3
E02000312,Enfield 036,14.4,39.1,735,10.9947644,16.7,25.9,13.8,42.7,90.3,-1.631984360264285,6.2
E02000313,Greenwich 001,23.5,49.5,275,24.4140625,26.7,25.9,14.1,41.1,107.4,-1.692940923189957,3.0
E02000314,Greenwich 002,16.2,50.1,575,21.26410835,19.4,26.5,10.6,39.6,91.3,-1.756059772694968,3.2
E02000315,Greenwich 003,27.9,53.6,328,24.75862069,29.3,20.9,16.8,36,105.0,-1.411330500860122,2.2
E02000316,Greenwich 004,16.1,49.2,954,17.21854305,21.8,33.3,12.2,28.3,93.1,-1.354975215663141,3.8
E02000317,Greenwich 005,25.3,55.8,270,21.95488722,25.6,28.2,16.5,44.6,120.9,-1.274544018459475,4.9
E02000318,Greenwich 006,21.4,47.9,408,21.98049512,18.8,28.2,14.0,36.2,118.4,-1.81155477501716,6.8
E02000319,Greenwich 007,18.8,46.7,518,18.27309237,19.9,27.1,13.0,17.8,104.8,-1.651564626706791,5.2
E02000320,Greenwich 008,21.8,47.3,299,17.95121951,18.5,15.6,15.3,56.1,86.4,-1.812003491675798,2.4
E02000321,Greenwich 009,25.4,52.2,324,19.25287356,26.6,26.4,16.9,44.8,112.5,-1.581568403195729,4.9
E02000323,Greenwich 011,22.8,47.4,460,22.0952381,25.7,32.5,14.3,45.7,119.9,-1.545295104004134,6.5
E02000324,Greenwich 012,25.5,51.7,353,22.2,22.7,20.4,19.4,46.2,113.4,-1.040335065962641,3.6
E02000326,Greenwich 014,16.0,51.6,539,14.82254697,17.6,13.2,13.5,42.3,112.1,-1.205506109018828,2.9
E02000327,Greenwich 015,20.1,53.6,568,26.46775746,25.3,25.6,13.1,45.6,120.1,-1.342103244366957,4.5
E02000328,Greenwich 016,14.7,41.4,743,14.05184175,11.2,17.0,16.0,31.6,80.6,-1.272025710828802,1.2
E02000329,Greenwich 017,23.5,39.6,298,16.87344913,15.8,12.4,17.0,62.7,98.7,-1.775668969827914,2.0
E02000331,Greenwich 019,22.9,52.1,487,18.04435484,26.3,19.9,16.9,57.2,107.0,-1.138056245505081,2.5
E02000332,Greenwich 020,16.0,42.4,480,16.5961945,15.3,11.6,14.1,29.5,85.0,-1.522033466940668,1.6
E02000333,Greenwich 021,9.4,45.7,865,14.03508772,12.2,12.1,13.2,30.2,72.2,-1.147643459860485,0.9
E02000334,Greenwich 022,24.6,43.0,417,17.81818182,22.4,12.5,17.8,42.5,102.2,-1.0673397015266,2.8
E02000335,Greenwich 023,21.3,33.8,477,13.50059737,8.4,5.1,15.3,26.5,87.2,-2.083450263094483,0.9
E02000337,Greenwich 025,31.3,46.2,360,18.03738318,23.6,10.8,19.8,49.8,96.7,-1.529618173742412,1.7
E02000339,Greenwich 027,18.5,44.0,459,15.27777778,12.1,7.6,17.4,47.7,86.5,-1.84396467077993,1.0
E02000340,Greenwich 028,21.2,44.9,441,14.63414634,15.2,9.7,17.7,32.2,84.4,-1.490946666362126,1.0
E02000341,Greenwich 029,31.5,53.3,368,20.53333333,30.1,14.1,20.2,65.5,108.3,-1.24742962674195,2.0
E02000342,Greenwich 030,21.7,52.4,305,16.80672269,23.1,13.7,15.0,21.1,81.0,-1.527880960203862,1.6
E02000343,Greenwich 031,27.4,47.2,359,17.25394897,19.1,10.1,20.1,50.4,89.6,-1.074779106481976,1.3
E02000344,Greenwich 032,23.3,32.7,445,13.11688312,8.8,7.7,16.0,18.2,81.5,-1.269635308584132,1.4
E02000345,Hackney 001,32.0,45.8,262,44.85106383,10.9,30.6,10.1,27.7,96.9,-1.871439763234969,9.9
E02000346,Hackney 002,27.6,55.3,221,20.72409488,40.6,33.3,20.2,61,115.6,-0.9960456949766532,11.4
E02000347,Hackney 003,28.6,51.5,302,38.53028798,15.0,28.7,13.0,25.7,88.8,-1.945548874221776,8.4
E02000348,Hackney 004,31.1,51.3,236,35.60477002,18.6,27.7,14.1,27.2,109.7,-1.750098602678385,10.2
E02000350,Hackney 006,16.6,40.6,678,24.18111753,15.8,31.1,11.7,34.1,96.3,-1.732889619688456,6.7
E02000351,Hackney 007,11.2,53.3,941,17.42209632,26.8,32.7,11.5,32.5,97.8,-1.004475533160275,4.8
E02000352,Hackney 008,18.9,44.5,522,24.6737841,15.2,25.8,15.9,53.6,100.9,-0.9768441758176438,4.6
E02000353,Hackney 009,12.4,42.2,795,14.38848921,13.0,27.9,11.9,33.5,86.5,-1.314483736534173,3.7
E02000354,Hackney 010,21.0,55.5,507,21.29471891,27.7,32.4,17.1,34.5,112.6,-1.534758878376182,7.0
E02000355,Hackney 011,17.5,47.3,562,20.42410714,18.2,29.0,15.6,33.6,96.0,-1.338867986061376,6.0
E02000356,Hackney 012,11.8,38.9,707,14.38935913,15.6,27.0,12.0,42.7,107.7,-1.154798912803909,4.1
E02000357,Hackney 013,27.6,53.5,192,26.28968254,32.9,30.1,18.6,59.8,163.8,-1.318706144040769,7.3
E02000358,Hackney 014,17.0,54.5,888,15.73994867,30.4,31.0,14.7,42.8,111.6,-1.069486699802115,6.0
E02000359,Hackney 015,19.7,54.5,427,25.0,20.6,23.3,14.8,31.4,85.0,-1.309741937399618,5.4
E02000360,Hackney 016,20.6,51.0,657,20.02635046,32.8,33.5,15.6,55.9,127.4,-1.373993096674894,6.5
E02000361,Hackney 017,16.1,51.1,597,17.47815231,25.8,37.1,13.5,20.5,104.0,-1.431436868761924,5.0
E02000362,Hackney 018,22.3,57.0,380,25.0,35.0,28.0,18.2,53,127.3,-1.090969542898315,4.0
E02000363,Hackney 019,26.2,57.2,416,22.39170226,36.8,32.4,16.3,44.7,140.1,-1.358651126333232,7.2
E02000364,Hackney 020,14.5,47.1,921,16.468039,22.7,29.1,13.8,38.5,98.5,-1.482447557288567,3.7
E02000365,Hackney 021,14.6,53.0,1480,16.93171188,27.6,34.3,13.7,31.5,109.2,-1.383073274819237,4.2
E02000366,Hackney 022,22.6,52.6,589,21.1026616,23.5,25.1,16.8,80,147.9,-1.210187011087023,4.5
E02000367,Hackney 023,12.9,48.3,977,17.32495512,25.5,35.7,11.7,51.3,175.2,-1.197739990410294,3.3
E02000368,Hackney 024,22.8,58.4,625,22.46998285,32.9,33.8,17.8,45.9,123.6,-1.232884449440561,6.4
E02000369,Hackney 025,19.6,56.4,1027,18.08590806,29.8,34.6,15.4,31.9,98.1,-1.20345583061189,5.8
E02000370,Hackney 026,20.6,53.2,801,17.20542231,31.9,36.7,15.2,38.2,92.2,-1.23688760199346,5.5
E02000371,Hackney 027,11.9,48.9,1754,18.05128205,31.2,42.6,10.7,19.7,81.9,-1.285667293569346,3.4
E02000372,Hammersmith and Fulham 0,23.0,54.0,497,24.23112768,24.5,37.1,15.4,65,162.1,-1.387628726740511,4.2
E02000373,Hammersmith and Fulham 0,25.7,55.4,261,24.0776699,34.5,36.4,16.4,32.2,155.4,-1.50488134479921,6.3
E02000374,Hammersmith and Fulham 0,17.6,53.8,587,21.14882507,27.4,25.0,15.3,22.9,120.8,-1.444504208973056,3.5
E02000375,Hammersmith and Fulham 0,15.1,52.3,729,17.6217765,25.3,34.8,15.0,52.6,149.7,-0.9165866894816044,3.5
E02000376,Hammersmith and Fulham 0,13.3,46.1,737,12.77258567,25.7,34.5,13.3,63.5,191.7,-0.4583796241070041,2.9
E02000377,Hammersmith and Fulham 0,14.4,47.8,748,16.44815256,19.8,31.0,13.7,58,168.7,-1.024941873783201,3.1
E02000378,Hammersmith and Fulham 0,9.4,46.9,948,16.36363636,19.7,33.2,11.7,30.8,128.5,-1.175507499116673,2.4
E02000379,Hammersmith and Fulham 0,11.0,50.0,780,19.20374707,16.1,27.9,13.6,43.5,147.6,-1.467393347737545,2.7
E02000380,Hammersmith and Fulham 0,10.5,46.6,825,14.89698891,11.7,22.6,11.4,55.7,111.6,-1.247018366843198,1.8
E02000381,Hammersmith and Fulham 0,9.5,42.0,1236,16.94711538,13.6,29.4,10.8,56.3,115.9,-0.9339833890866984,2.0
E02000382,Hammersmith and Fulham 0,9.9,54.5,694,16.47058824,13.7,28.1,12.4,32.8,125.3,-0.8892334066494625,2.5
E02000383,Hammersmith and Fulham 0,9.1,41.9,1206,15.2758133,15.7,30.9,11.9,21.2,109.9,-1.618574801241781,2.5
E02000384,Hammersmith and Fulham 0,17.4,51.0,666,20.25677603,29.2,29.4,17.3,65.5,150.5,-0.6277013358680447,3.2
E02000385,Hammersmith and Fulham 0,6.7,47.7,1083,8.547008547,14.0,28.7,8.5,30.6,86.9,-1.75378037960133,1.8
E02000386,Hammersmith and Fulham 0,17.1,49.2,753,19.27846674,33.4,33.7,15.4,44.9,146.7,-1.275217981169352,3.6
E02000387,Hammersmith and Fulham 0,14.0,51.9,684,13.30998249,20.2,35.0,13.5,24.1,136.0,-1.23065013633969,3.0
E02000388,Hammersmith and Fulham 0,12.8,47.4,1291,14.13043478,14.0,26.1,12.6,41.9,132.2,-1.259317365449638,1.9
E02000389,Hammersmith and Fulham 0,10.7,35.9,1088,15.18661519,6.4,17.9,10.9,18.7,91.9,-1.542087406226119,1.7
E02000390,Hammersmith and Fulham 0,12.5,48.0,935,16.80261011,14.0,23.2,12.4,43.8,114.4,-1.153849080993255,2.5
E02000391,Hammersmith and Fulham 0,10.9,55.8,1353,20.0,8.5,19.8,11.3,34.6,102.3,-1.412824542532061,1.2
E02000392,Hammersmith and Fulham 0,9.9,54.1,1715,18.62269641,14.6,24.2,10.1,25.3,105.9,-1.452636332884797,2.1
E02000393,Hammersmith and Fulham 0,8.0,48.7,1185,14.2599278,5.9,13.8,9.0,18.8,70.9,-1.817445078581682,1.5
E02000394,Hammersmith and Fulham 0,12.4,44.3,1103,13.62048894,21.5,26.0,11.8,17,106.9,-1.409644921260108,1.9
E02000395,Hammersmith and Fulham 0,6.3,48.6,1119,21.42857143,5.4,14.9,9.2,24,88.4,-1.921753314044848,0.9
E02000396,Hammersmith and Fulham 0,11.7,52.9,974,19.6801968,19.1,20.7,10.2,35.7,101.6,-1.462430420616031,2.1
E02000397,Haringey 001,17.0,46.0,525,12.7388535,16.9,35.2,13.7,31.5,103.1,-1.460914435155944,8.2
E02000398,Haringey 002,28.2,57.4,188,23.80090498,33.1,35.3,16.4,49.2,146.2,-1.560865521981814,10.7
E02000400,Haringey 004,16.4,46.5,468,18.60019175,17.2,24.6,14.1,40.4,88.0,-1.502388058429058,5.1
E02000401,Haringey 005,30.5,51.5,214,24.6728972,30.6,26.2,17.4,28.1,115.5,-1.80493435784845,9.1
E02000402,Haringey 006,29.5,54.0,203,23.58402971,31.3,30.9,17.3,23,119.1,-1.438512819479305,10.1
E02000403,Haringey 007,16.6,50.2,469,14.82444733,19.5,32.8,14.1,18.8,101.5,-1.071581250616157,8.9
E02000404,Haringey 008,23.5,59.1,296,25.0,24.5,31.2,15.9,27.1,101.1,-1.687918356222872,10.0
E02000405,Haringey 009,7.7,39.6,655,18.11111111,6.5,10.5,10.6,42,76.3,-1.618905283467213,1.4
E02000406,Haringey 010,21.0,58.2,319,18.54304636,23.8,27.8,16.7,37,114.9,-1.626248139818727,9.3
E02000407,Haringey 011,24.6,47.0,300,16.32841328,28.4,35.8,16.4,22.3,116.7,-1.281562994135101,10.5
E02000408,Haringey 012,26.9,50.1,181,20.31114952,29.7,33.5,15.3,25.8,125.3,-1.727024906495654,11.8
E02000409,Haringey 013,27.0,49.2,269,20.30401737,29.8,33.4,17.2,32.2,109.7,-1.327448892013667,10.5
E02000410,Haringey 014,7.2,26.0,730,17.47815231,4.8,17.4,10.9,46.1,74.6,-1.478726841044842,1.2
E02000411,Haringey 015,22.5,49.5,243,22.04568024,28.8,30.8,14.1,30.1,97.1,-1.517146299362911,10.2
E02000412,Haringey 016,20.5,49.9,330,14.44174757,27.8,38.2,17.2,38.2,92.9,-1.070455694637198,9.4
E02000413,Haringey 017,10.0,36.5,702,20.43314501,10.3,17.0,11.5,54.8,78.9,-1.576636078714907,1.8
E02000414,Haringey 018,20.5,45.0,367,20.27600849,23.9,26.6,13.8,39.7,113.9,-1.620099250880324,9.6
E02000415,Haringey 019,21.2,51.9,395,19.91465149,23.6,29.7,15.3,32.1,116.5,-1.49436127041876,10.3
E02000416,Haringey 020,16.1,52.2,635,17.09786277,24.8,33.1,16.3,72.4,120.3,-1.16140707261014,4.2
E02000417,Haringey 021,7.7,31.3,789,14.62140992,6.7,20.3,10.6,54.7,74.5,-1.112455191566952,1.0
E02000418,Haringey 022,9.7,37.3,609,13.45609065,5.1,10.4,11.4,53.1,74.9,-1.419208486065188,1.4
E02000419,Haringey 023,15.6,48.6,616,15.24163569,19.4,35.1,12.8,50.3,102.2,-1.390842394001402,8.5
E02000420,Haringey 024,22.8,47.2,348,19.95708155,27.5,35.5,16.3,32.3,114.3,-1.229022659857547,11.8
E02000421,Haringey 025,22.6,51.6,292,18.5492228,35.0,35.9,16.5,37.1,142.4,-1.137372469958369,10.8
E02000422,Haringey 026,23.0,44.7,362,22.6640159,24.1,35.1,16.1,26.1,89.7,-1.494322069253408,10.1
E02000423,Haringey 027,17.7,44.9,427,17.56097561,20.5,30.8,14.5,32.3,90.5,-1.712667359315136,9.5
E02000424,Haringey 028,10.5,40.1,644,12.47139588,14.1,22.2,11.6,45.5,82.0,-1.216562952554382,2.5
E02000425,Haringey 029,28.8,49.1,193,48.72611465,8.9,30.1,11.3,40.9,123.3,-1.408575259836452,11.1
E02000426,Haringey 030,9.3,42.7,882,15.53133515,9.9,16.7,12.8,24.7,67.2,-1.17935734003184,1.6
E02000427,Haringey 031,12.6,46.8,560,11.49253731,19.4,34.3,12.0,34.8,94.4,-1.511421575069651,6.3
E02000428,Haringey 032,23.0,55.0,323,21.19565217,28.3,32.6,16.3,37.2,104.4,-1.538928353374082,10.8
E02000429,Haringey 033,6.0,23.6,899,12.00527704,6.8,17.9,9.7,38.5,56.6,-1.587619189536184,1.1
E02000430,Haringey 034,7.3,30.1,950,15.22346369,9.3,23.3,9.0,24,76.6,-1.406446168505991,1.5
E02000431,Haringey 035,4.4,35.8,1032,11.66936791,5.5,25.3,7.8,37.4,68.9,-1.581178627980369,1.1
E02000432,Haringey 036,10.4,46.6,645,16.32,19.0,28.1,12.4,53.9,92.5,-1.459814480371212,2.8
E02000433,Harrow 001,20.2,41.9,661,14.625,9.3,11.9,20.2,53.5,79.0,-1.58855623182694,3.1
E02000434,Harrow 002,16.5,47.2,619,18.87905605,13.2,14.7,16.0,33.4,81.4,-1.772117729852868,3.8
E02000435,Harrow 003,19.5,53.8,507,20.13129103,15.2,12.8,18.8,45,99.2,-1.486895342350279,3.5
E02000436,Harrow 004,13.7,25.0,507,13.74622356,6.5,4.7,14.7,30.7,75.3,-1.249765237018678,2.3
E02000437,Harrow 005,18.1,40.3,484,18.47313855,15.1,12.7,16.2,49.3,125.2,-1.27518175995347,3.9
E02000438,Harrow 006,19.6,47.1,535,17.07779886,16.0,14.0,17.3,36.6,107.2,-1.245081164598422,3.4
E02000439,Harrow 007,22.1,50.3,442,18.04733728,13.5,21.0,14.2,23.4,100.3,-1.514090626408229,8.2
E02000440,Harrow 008,15.1,30.7,611,18.11023622,7.5,10.1,12.6,27.8,89.5,-1.828976089599425,4.6
E02000441,Harrow 009,17.2,43.4,458,15.49636804,13.3,10.9,17.2,50.5,101.7,-1.595665945528031,3.2
E02000442,Harrow 010,21.9,41.3,396,20.58570198,8.2,21.8,12.7,21.3,93.3,-1.943615890471505,9.7
E02000443,Harrow 011,21.3,45.8,447,23.50659426,18.5,24.7,15.1,39.4,137.2,-1.247891181226648,7.4
E02000444,Harrow 012,19.5,43.6,428,17.74332472,9.0,18.3,13.4,N/A - not available,88.2,-2.017957271757286,7.1
E02000445,Harrow 013,18.8,49.9,421,17.15893108,19.8,24.3,14.4,43.7,122.1,-1.556654078078495,7.3
E02000447,Harrow 015,14.1,48.1,469,16.24203822,12.7,11.9,14.7,43.1,105.6,-1.616534882489875,3.7
E02000448,Harrow 016,10.5,37.6,612,14.49275362,6.1,7.9,13.9,50.3,75.0,-1.778021915745901,1.5
E02000449,Harrow 017,24.5,45.5,404,16.90962099,14.0,21.7,16.2,61.3,96.0,-1.9464208719298,10.8
E02000451,Harrow 019,12.3,28.4,439,14.0567201,5.2,6.6,13.6,21.8,89.9,-1.752708528755895,2.8
E02000452,Harrow 020,12.6,44.4,527,12.88032454,15.9,27.8,12.1,56.3,128.5,-0.985966082338922,5.0
E02000453,Harrow 021,12.6,42.1,506,16.93711968,11.6,18.7,13.1,29.5,86.6,-1.758641555465212,5.0
E02000454,Harrow 022,11.3,30.4,548,14.74103586,4.5,4.4,11.6,28,77.7,-1.703996159667785,1.6
E02000455,Harrow 023,11.9,48.0,550,12.04690832,12.9,23.5,13.8,50.9,104.9,-1.532896445383006,4.1
E02000456,Harrow 024,13.2,46.5,436,15.70512821,11.8,16.2,14.3,40.2,118.1,-1.104052978800798,3.9
E02000457,Harrow 025,12.8,31.2,378,18.53233831,13.0,10.4,13.8,36.6,111.4,-1.779070257660669,3.7
E02000459,Harrow 027,16.4,46.6,414,17.44966443,17.9,27.5,14.7,65.3,115.3,-1.53056406654607,6.4
E02000460,Harrow 028,19.1,47.0,228,19.92031873,16.2,20.4,15.4,29.3,156.2,-1.504746007204656,6.1
E02000461,Harrow 029,10.3,43.4,720,10.18766756,6.4,13.8,10.6,25.5,91.3,-1.7207169035826,2.5
E02000462,Harrow 030,18.0,41.8,310,18.97727273,13.1,20.5,14.3,45.5,105.2,-1.468156933628349,7.3
E02000463,Harrow 031,19.0,47.9,385,21.31280389,15.3,18.6,14.5,56.6,107.5,-1.244411111418124,6.0
E02000464,Havering 001,37.0,52.0,290,22.7771011,20.7,11.1,21.9,55.9,97.2,-1.216351227092384,0.5
E02000465,Havering 002,32.5,54.7,370,19.98175182,21.3,10.9,19.1,66.1,96.0,-1.557041094917804,0.6
E02000466,Havering 003,30.6,49.3,427,17.76785714,22.0,7.7,18.0,70.7,110.6,-0.9245310256557056,0.5
E02000467,Havering 004,35.0,55.3,390,20.14234875,35.2,15.4,20.7,65.7,123.0,-0.9493476378782632,0.9
E02000468,Havering 005,30.4,47.0,419,17.5204918,16.5,5.8,18.1,50.8,89.3,-0.9423694423752456,0.6
E02000469,Havering 006,33.7,46.9,284,19.14153132,20.6,10.1,21.6,60.7,100.6,-0.8064230248431119,1.3
E02000470,Havering 007,24.5,34.3,515,11.86046512,12.5,6.6,18.0,52,79.8,-2.112396322999413,0.4
E02000471,Havering 008,26.5,35.5,443,15.14778325,10.5,2.3,16.5,24.8,67.6,-1.623502604750243,0.4
E02000472,Havering 009,25.9,35.0,483,14.05975395,10.6,5.7,16.7,52.1,79.5,-1.311787448582915,0.5
E02000473,Havering 010,23.1,34.7,642,14.77462437,10.6,5.5,15.1,30.2,74.1,-2.546108975544157,0.4
E02000474,Havering 011,28.7,50.6,428,15.34246575,17.2,9.3,17.2,38.8,82.3,-1.505129783825113,0.6
E02000475,Havering 012,19.3,47.7,766,12.73584906,11.7,5.9,14.8,48.3,80.7,-1.94104869259428,0.5
E02000476,Havering 013,22.6,55.9,590,12.85855589,19.7,21.9,16.5,44.4,98.5,-1.829468263065892,1.6
E02000477,Havering 014,20.7,29.9,677,15.20737327,7.1,3.1,15.0,24.3,70.4,-2.232275011890648,0.5
E02000478,Havering 015,23.0,24.1,544,18.4991274,6.0,3.7,16.0,27.6,77.1,-2.219421179761209,0.9
E02000479,Havering 016,21.9,40.1,490,12.20703125,16.0,9.9,15.2,37.1,95.3,-1.905888030363851,1.6
E02000480,Havering 017,25.1,43.8,520,15.1026393,20.6,11.8,15.2,47.6,101.4,-2.151222343016869,1.5
E02000481,Havering 018,27.1,29.2,447,11.51776103,10.2,3.4,19.7,32.5,67.1,-1.548436790832976,0.4
E02000482,Havering 019,17.3,41.1,507,16.11111111,5.1,2.0,16.2,N/A - not available,64.8,-1.780739714846495,0.3
E02000483,Havering 020,26.8,35.4,471,11.83162685,13.5,6.8,19.1,27,83.1,-2.083739920536905,0.6
E02000484,Havering 021,24.1,31.5,557,12.79296875,7.0,4.9,15.9,44.7,78.4,-1.599122467436344,0.6
E02000485,Havering 022,22.6,33.6,522,13.27885598,11.7,3.9,16.4,24.1,74.0,-1.939011650768301,0.5
E02000486,Havering 023,25.8,34.3,415,15.59405941,11.2,5.1,17.1,31.4,77.5,-1.900876815484129,0.7
E02000487,Havering 024,17.2,21.5,632,14.67268623,3.1,1.1,15.0,18.1,64.0,-1.870668614619297,0.2
E02000488,Havering 025,24.9,32.4,411,12.20379147,7.6,3.2,16.2,17.4,64.9,-1.966937980659638,0.5
E02000489,Havering 026,27.3,46.4,374,17.25571726,15.8,6.3,18.3,35.5,81.4,-1.844278917276778,0.9
E02000490,Havering 027,33.1,38.9,357,16.77148847,16.5,6.0,18.8,49.4,90.7,-1.997562223468897,0.6
E02000491,Havering 028,32.1,51.6,435,19.82832618,25.1,9.3,18.3,55.9,96.2,-1.877360310632735,1.0
E02000492,Havering 029,31.6,32.5,353,14.80406386,14.6,4.4,17.7,33.2,82.9,-2.419533469282275,0.4
E02000493,Havering 030,27.8,51.7,308,16.21621622,21.7,9.8,15.3,35.6,92.5,-2.00908185880986,1.2
E02000494,Hillingdon 001,13.1,39.5,669,13.22115385,6.1,6.7,14.5,66.3,99.0,-1.364448870697483,1.3
E02000495,Hillingdon 002,15.9,41.6,731,10.65502183,11.1,10.4,15.8,53.6,100.6,-1.12578479951722,2.0
E02000496,Hillingdon 003,23.8,40.1,524,14.07982262,17.5,9.2,17.6,43.1,115.4,-1.30036489305992,0.7
E02000497,Hillingdon 004,16.7,34.4,599,14.18439716,13.7,8.3,15.1,39.5,96.5,-1.268233755412944,1.3
E02000498,Hillingdon 005,18.9,29.4,417,14.49864499,10.3,10.5,15.5,24.7,94.0,-1.256379176833004,0.5
E02000499,Hillingdon 006,14.4,26.0,500,16.06382979,7.4,4.7,14.0,30.4,81.5,-1.368089930860797,1.2
E02000500,Hillingdon 007,13.3,35.0,635,16.29802095,7.1,6.8,14.1,36.2,81.8,-1.051066380639927,1.1
E02000501,Hillingdon 008,16.6,32.8,513,12.63636364,9.6,5.7,13.8,39.5,88.8,-1.098277376539719,0.8
E02000502,Hillingdon 009,16.6,31.7,533,14.98993964,7.6,8.3,14.0,36.5,92.7,-1.089660757868023,1.3
E02000503,Hillingdon 010,15.7,30.3,669,12.48937978,7.2,6.4,11.5,45.1,92.5,-1.368291883032904,1.1
E02000504,Hillingdon 011,14.8,19.4,530,15.00547645,5.4,3.3,14.4,17.2,68.1,-1.545451122512984,0.7
E02000506,Hillingdon 013,15.0,36.7,617,15.78313253,5.7,4.0,14.9,38.6,82.3,-1.315861842047621,1.1
E02000507,Hillingdon 014,16.9,38.5,434,16.70973299,9.7,9.7,12.9,34.6,89.8,-1.547139874284578,1.5
E02000508,Hillingdon 015,12.4,35.6,523,11.95372751,15.3,19.1,12.2,39,84.4,-0.89497637818977,2.2
E02000509,Hillingdon 016,11.7,48.2,443,14.66030989,22.3,22.9,10.9,28.1,99.4,-0.8833572064882622,2.6
E02000510,Hillingdon 017,18.7,40.6,514,16.58856607,12.5,13.5,15.1,40.2,99.4,-1.244058416662112,2.0
E02000511,Hillingdon 018,20.8,42.2,422,17.73818745,12.5,14.9,14.5,32.9,104.5,-1.128199578829228,3.2
E02000512,Hillingdon 019,24.3,48.6,379,18.70503597,19.1,20.8,16.4,68.3,104.8,-0.927223995886957,2.9
E02000513,Hillingdon 020,24.3,55.6,359,20.82191781,22.4,26.9,13.4,44.3,108.7,-1.097329105568389,5.3
E02000514,Hillingdon 021,21.1,49.8,393,22.10909091,15.2,22.8,14.7,27.5,120.3,-1.490707194305209,7.3
E02000515,Hillingdon 022,20.8,45.6,591,14.68584406,23.6,26.8,14.4,47.7,107.7,-0.7868031122608601,2.7
E02000516,Hillingdon 023,17.7,45.3,365,18.38810642,17.9,22.3,12.7,38.4,108.4,-1.233448246953971,6.0
E02000517,Hillingdon 024,25.9,48.4,332,21.73584906,20.3,21.5,16.1,53.1,128.5,-0.8321618909884595,5.8
E02000518,Hillingdon 025,26.9,50.7,383,19.9663016,23.0,15.6,16.9,52.9,120.6,-0.800655958860794,2.4
E02000519,Hillingdon 026,25.4,58.0,358,23.75102375,20.6,23.5,16.6,53.3,136.8,-1.319815819736317,6.5
E02000520,Hillingdon 027,23.4,53.7,487,21.76913425,20.2,27.0,14.4,44.3,112.7,-1.626182734771237,6.9
E02000521,Hillingdon 028,24.6,49.6,488,22.36929186,21.0,25.1,14.4,46.4,108.5,-1.071694857056564,3.9
E02000522,Hillingdon 029,22.8,50.4,480,18.00643087,21.5,17.3,15.3,60.2,118.3,-0.7710387899390893,3.0
E02000523,Hillingdon 030,19.7,48.1,367,22.64833575,15.1,26.7,12.9,28.1,92.8,-1.769106857735813,7.2
E02000524,Hillingdon 031,21.6,52.5,505,16.18037135,20.7,21.4,13.7,58.2,115.6,0.0605608350210017,3.7
E02000525,Hillingdon 032,20.2,50.1,384,17.5257732,18.8,28.6,12.6,43.8,105.7,-1.659571414645779,6.2
E02000526,Hounslow 001,7.6,41.3,1264,16.96035242,6.2,14.0,9.4,42.3,82.0,-1.782282171075436,1.4
E02000528,Hounslow 003,19.8,53.2,769,16.11940299,29.0,26.1,15.9,76.7,155.3,-1.30994625244188,4.1
E02000529,Hounslow 004,18.0,52.3,355,17.31418919,18.8,26.2,14.9,66.4,142.3,-1.607415219954808,8.4
E02000530,Hounslow 005,25.8,59.6,227,22.49269718,26.9,32.6,16.2,62.3,139.4,-1.885276906505416,8.5
E02000531,Hounslow 006,15.5,41.3,829,11.9544592,18.8,22.0,13.0,74.6,142.8,-1.381974727432805,2.6
E02000532,Hounslow 007,11.4,43.7,1175,16.71018277,13.2,12.3,12.1,50.1,100.2,-1.584552451667484,1.5
E02000533,Hounslow 008,9.6,40.5,1090,11.93016489,11.1,13.9,12.0,40.2,114.2,-1.790069817680841,1.5
E02000534,Hounslow 009,11.3,44.4,626,14.82233503,10.6,18.2,11.3,60.1,101.2,-1.967681148437624,3.5
E02000535,Hounslow 010,16.8,50.8,390,20.48085485,14.9,21.7,14.9,42.3,132.4,-2.234821639533334,7.5
E02000536,Hounslow 011,16.2,49.5,438,18.27411168,16.4,22.6,14.8,51.7,119.1,-1.818271528955993,7.2
E02000537,Hounslow 012,10.5,33.9,480,12.58603736,10.0,20.9,12.3,35.7,101.3,-2.034634354616311,6.2
E02000538,Hounslow 013,18.3,50.7,388,20.5908684,15.5,26.7,14.6,26,119.2,-2.30515723422516,9.0
E02000539,Hounslow 014,15.9,45.8,771,17.82518926,16.5,20.8,13.3,84.3,110.3,-1.783677927669826,3.1
E02000540,Hounslow 015,14.3,45.2,553,12.83185841,13.9,25.1,13.8,82.6,127.9,-1.796023465215516,5.2
E02000541,Hounslow 016,19.6,52.2,370,17.33944954,20.1,28.5,17.2,81,129.3,-2.134644789282583,8.3
E02000542,Hounslow 017,17.1,54.0,368,15.82014988,15.9,34.5,15.2,42.6,138.0,-2.006339456747342,7.3
E02000543,Hounslow 018,12.3,43.7,617,12.22432262,12.5,37.9,10.6,57.6,114.1,-2.353221950221468,6.5
E02000544,Hounslow 019,17.1,32.2,465,16.10087294,7.3,13.7,13.6,54.5,113.1,-1.66321647201265,5.1
E02000545,Hounslow 020,20.3,54.1,587,18.721038,22.2,19.1,15.2,84.2,123.5,-1.353830985345272,3.9
E02000546,Hounslow 021,16.3,57.8,391,20.04405286,15.5,28.6,13.0,52,113.7,-2.116093437150736,7.0
E02000547,Hounslow 022,24.7,48.6,466,14.89686784,16.0,15.6,15.6,46.5,106.9,-1.680736959102738,4.2
E02000548,Hounslow 023,25.0,49.6,526,19.3338749,22.3,20.6,16.0,98.5,119.7,-1.446454644314667,3.4
E02000549,Hounslow 024,24.8,43.2,603,16.53872994,17.3,14.6,15.7,65.2,118.8,-1.244748479358532,3.9
E02000550,Hounslow 025,22.0,49.3,478,17.76315789,20.5,25.4,11.7,67.3,111.8,-1.814261394024976,3.0
E02000551,Hounslow 026,26.6,53.8,376,20.63492063,28.0,21.6,16.0,104.2,138.7,-1.19583780006159,4.4
E02000552,Hounslow 027,19.6,46.6,498,14.08566722,15.8,17.3,11.3,46.5,97.7,-1.810909300548488,2.5
E02000553,Hounslow 028,24.5,47.4,382,16.83277962,18.6,12.5,14.3,82.7,116.3,-1.888683573860957,2.6
E02000554,Islington 001,19.3,56.9,543,15.39108495,30.7,26.9,18.8,78,139.1,-0.3703123696741102,4.2
E02000555,Islington 002,17.0,57.6,789,17.89375582,27.2,23.1,15.8,56.7,84.4,-0.4522554809351689,3.2
E02000556,Islington 003,15.6,49.4,790,14.25837321,25.6,31.0,16.2,37.6,120.3,-0.7364426992187456,4.0
E02000557,Islington 004,18.8,54.5,644,14.11764706,28.9,27.4,18.9,52.7,137.6,-0.4326623001243391,3.2
E02000558,Islington 005,27.5,57.9,453,22.91491154,32.3,33.5,20.4,52.1,124.6,-0.7809128061952212,7.6
E02000559,Islington 006,11.4,51.0,1197,16.02787456,15.9,30.1,11.6,32.1,83.7,-1.197062666274481,2.7
E02000560,Islington 007,14.6,51.8,683,17.35074627,24.3,35.6,13.8,38.5,94.8,-0.9356483550074216,4.6
E02000561,Islington 008,10.4,47.7,854,15.82278481,10.1,23.6,12.2,45.4,97.9,-0.8569005559839955,1.8
E02000562,Islington 009,16.9,51.5,865,19.95438997,22.5,24.6,16.5,44.7,100.3,-0.7601263155646947,3.3
E02000563,Islington 010,21.8,57.1,545,21.50289017,31.5,30.3,19.0,40.3,142.0,-0.3617025791105814,4.1
E02000564,Islington 011,13.7,54.8,1245,15.20086862,31.0,39.1,13.1,33.3,121.7,-0.9198520318805344,3.1
E02000565,Islington 012,18.9,60.8,727,19.57186544,31.3,28.4,16.3,25.9,126.1,-0.8468584039012639,4.7
E02000566,Islington 013,11.6,47.2,1310,15.80246914,17.9,23.1,12.3,37.9,86.4,-1.181478354190481,2.5
E02000567,Islington 014,16.8,61.2,1413,14.31226766,26.9,27.5,15.4,49.8,120.0,-0.5821988943765456,2.8
E02000568,Islington 015,23.9,60.7,537,21.60427807,35.7,34.7,19.7,52,134.5,-0.6092143765651067,4.2
E02000569,Islington 016,19.0,57.6,1230,15.43985637,32.8,20.6,17.2,42.1,119.1,-0.6571247909576097,2.9
E02000570,Islington 017,9.8,47.2,1550,15.66878981,15.8,26.2,11.0,35.1,86.9,-0.9300124736293972,1.1
E02000571,Islington 018,22.1,63.4,939,15.02293578,34.4,26.0,18.9,58.2,125.2,-0.6462120387518362,3.1
E02000572,Islington 019,25.3,56.6,512,19.91786448,36.1,30.1,18.4,47.5,139.7,-0.7266553775267663,5.4
E02000573,Islington 020,11.8,52.6,1801,14.84149856,21.1,25.0,13.0,30.8,95.6,-1.093333791810014,1.5
E02000574,Islington 021,14.8,59.6,1178,15.4340836,22.8,31.6,14.6,35.5,112.3,-0.8265382776310615,2.2
E02000575,Islington 022,12.8,57.5,2000,14.64585834,31.4,35.4,12.1,28.9,80.9,-0.4626265158046199,2.3
E02000576,Islington 023,19.7,57.8,1095,19.10229645,33.6,31.4,15.5,32.3,135.7,-1.001133918688886,2.9
E02000577,Kensington and Chelsea 0,24.9,57.0,432,19.48331539,37.7,38.5,21.2,47.8,143.7,-0.4718513321796629,5.5
E02000578,Kensington and Chelsea 0,26.0,54.9,320,19.11949686,35.6,29.3,22.1,71.7,177.4,-0.1779795583544333,3.8
E02000579,Kensington and Chelsea 0,15.5,52.4,1002,17.83181358,20.9,30.2,16.4,40.4,113.8,-0.82004941094783,2.7
E02000580,Kensington and Chelsea 0,14.2,50.1,1232,13.32518337,24.0,33.9,16.7,26.1,141.0,-0.9005824047926568,2.8
E02000581,Kensington and Chelsea 0,24.9,57.3,500,20.15418502,34.0,33.2,22.0,46.9,159.4,-0.4520284638099766,4.0
E02000582,Kensington and Chelsea 0,6.2,49.6,1697,17.85150079,6.9,31.4,9.9,24.5,65.2,-1.696158343587795,1.6
E02000583,Kensington and Chelsea 0,7.5,44.4,1558,19.7875166,6.8,23.4,9.3,33.1,70.0,-1.381075297110216,1.2
E02000584,Kensington and Chelsea 0,4.5,49.4,1876,15.93830334,2.4,20.2,8.4,25.5,53.2,-1.772242026065202,1.7
E02000585,Kensington and Chelsea 0,7.2,65.3,1380,19.19642857,7.1,24.3,10.1,21.8,48.6,-1.434476476004948,2.4
E02000586,Kensington and Chelsea 0,4.1,42.3,1712,17.09286676,1.8,19.5,6.4,10.2,53.0,-1.786379781365024,1.7
E02000587,Kensington and Chelsea 0,5.5,54.7,1541,19.37669377,3.4,21.0,8.6,19.1,43.9,-1.69361698826039,2.3
E02000588,Kensington and Chelsea 0,5.0,40.8,2094,16.98717949,0.9,18.9,6.7,15,44.6,-2.131110678867012,1.6
E02000589,Kensington and Chelsea 0,5.3,47.3,1804,15.44342508,3.7,35.0,9.0,20.8,69.8,-1.723124722188729,3.1
E02000590,Kensington and Chelsea 0,12.4,53.8,1200,15.57788945,14.8,32.0,14.3,37.8,75.0,-1.678516282027397,2.6
E02000591,Kensington and Chelsea 0,9.6,43.8,1088,16.66666667,17.6,40.0,14.8,48.3,118.5,-1.405028366318813,4.0
E02000592,Kensington and Chelsea 0,3.6,44.4,1780,17.75862069,1.3,25.0,6.1,19.9,46.3,-1.805421572462766,1.2
E02000593,Kensington and Chelsea 0,6.2,46.4,1711,16.77018634,6.3,31.0,10.8,27.3,100.9,-1.382126494733465,1.7
E02000594,Kensington and Chelsea 0,9.0,49.5,1577,16.4644714,4.3,17.6,12.4,25.2,81.7,-1.449388190185346,1.1
E02000595,Kensington and Chelsea 0,7.1,49.5,1545,16.7721519,5.5,21.3,11.3,31.4,65.3,-1.441080767715658,1.8
E02000596,Kensington and Chelsea 0,4.8,42.3,1687,17.10730949,5.0,19.4,8.0,24.9,64.4,-1.335933123006757,1.2
E02000597,Kensington and Chelsea 0,16.6,54.9,812,18.13403417,23.9,25.7,18.1,40.4,109.4,-0.9989321506024342,3.5
E02000598,Kingston upon Thames 001,10.7,27.7,737,14.8020654,5.9,5.8,10.5,67.2,76.5,-1.877674624760277,1.0
E02000599,Kingston upon Thames 002,10.0,41.5,711,19.64497041,4.4,5.0,11.4,51.1,62.4,-1.747419031006852,2.4
E02000600,Kingston upon Thames 003,9.4,46.2,658,15.91796875,10.5,15.6,10.4,48.8,75.0,-1.502014402260323,2.5
E02000601,Kingston upon Thames 004,9.3,36.9,1026,12.44019139,6.9,15.6,9.6,35,72.9,-1.78380814898474,1.4
E02000602,Kingston upon Thames 005,15.2,54.3,625,13.22393822,19.6,22.8,13.9,71.6,122.8,-1.726009134296529,2.9
E02000603,Kingston upon Thames 006,18.7,44.8,450,18.58325667,14.9,18.0,13.9,119.9,95.8,-1.433300563789524,4.1
E02000604,Kingston upon Thames 007,12.4,35.8,640,14.39588689,10.2,14.0,11.6,50.1,74.8,-1.620972827062721,5.5
E02000605,Kingston upon Thames 008,14.8,30.7,608,15.15151515,8.7,9.8,14.1,56.6,90.4,-1.5239471075322,3.9
E02000606,Kingston upon Thames 009,6.7,42.3,1070,8.95334174,6.0,20.7,9.5,54,77.9,-1.631081668741816,1.6
E02000607,Kingston upon Thames 010,8.8,33.3,515,14.72972973,7.0,10.3,10.1,50.3,77.1,-1.6454284711029,1.5
E02000608,Kingston upon Thames 011,7.4,40.2,717,7.518796992,7.4,22.4,10.6,64.7,103.0,-1.335360059215635,1.5
E02000609,Kingston upon Thames 012,16.7,43.7,485,17.67151767,12.1,8.1,15.3,60,95.9,-1.543211144164216,4.2
E02000610,Kingston upon Thames 013,11.6,43.3,768,10.3021978,14.3,20.2,14.9,103.4,127.3,-1.293255117218294,1.8
E02000611,Kingston upon Thames 014,13.5,25.4,534,16.72203765,3.3,4.3,13.2,57.1,73.4,-1.708455847487706,1.5
E02000612,Kingston upon Thames 015,15.0,26.5,560,13.94871795,9.7,5.0,13.5,45.2,75.0,-1.664629725463452,2.4
E02000613,Kingston upon Thames 016,14.3,40.6,653,10.5620155,10.5,10.8,13.3,92.3,84.3,-1.435473581713248,1.6
E02000614,Kingston upon Thames 017,18.4,33.8,446,14.63620981,11.8,11.8,13.1,53.2,89.6,-1.650883683665279,3.4
E02000615,Kingston upon Thames 018,19.5,32.5,485,15.88114754,8.9,7.1,14.4,57.3,88.6,-2.117143314338156,1.8
E02000616,Kingston upon Thames 019,19.0,30.9,396,13.81909548,9.1,5.3,11.8,65.2,78.1,-2.143805754810498,1.1
E02000617,Kingston upon Thames 020,21.1,43.7,530,15.10966694,15.6,8.5,14.6,120.6,97.6,-1.643087427934026,1.5
E02000619,Lambeth 002,20.2,49.2,694,18.77777778,27.3,27.8,16.0,58.3,138.8,-0.6821580507930559,3.8
E02000620,Lambeth 003,13.9,45.0,1069,16.52173913,26.6,31.2,12.4,70.2,117.8,-1.344270000942823,3.4
E02000621,Lambeth 004,11.9,52.8,1261,18.85245902,26.3,32.7,12.7,49.7,137.9,-0.7498280508965854,3.9
E02000622,Lambeth 005,12.9,47.4,808,18.09651475,23.6,28.9,12.2,26,101.8,-1.581494281605478,3.7
E02000623,Lambeth 006,19.1,48.3,643,16.2055336,28.4,28.7,14.3,49.9,132.2,-1.444429955518497,5.9
E02000624,Lambeth 007,15.2,44.3,708,17.21132898,30.6,29.7,14.5,32.9,101.6,-1.500536051339552,4.0
E02000625,Lambeth 008,19.1,50.3,582,20.68965517,32.3,34.1,13.5,85.1,119.6,-1.231838816555843,6.9
E02000626,Lambeth 009,20.3,52.1,431,20.34739454,29.7,34.7,14.4,41.2,122.7,-1.537209725564527,4.9
E02000627,Lambeth 010,13.3,49.8,979,16.42411642,28.1,31.4,12.1,33.7,120.2,-1.409912581458105,4.2
E02000628,Lambeth 011,20.8,51.0,541,23.37349398,32.8,33.7,14.6,36.1,123.5,-1.388197576630774,7.7
E02000629,Lambeth 012,10.4,47.3,1425,16.83673469,20.4,26.6,10.2,36.4,104.3,-1.521585066648606,2.1
E02000630,Lambeth 013,9.1,48.2,1238,18.37060703,15.5,24.5,10.8,42.2,143.5,-1.682232118178004,1.8
E02000631,Lambeth 014,11.9,43.2,824,16.12284069,19.1,20.9,12.0,37.7,77.3,-1.409610503487886,2.9
E02000632,Lambeth 015,8.2,49.8,1470,16.0,23.2,25.2,9.0,17.9,91.0,-1.649344909697079,1.9
E02000633,Lambeth 016,14.9,50.8,721,18.61702128,27.4,28.5,14.1,27,114.3,-1.481284174200006,3.6
E02000634,Lambeth 017,14.6,55.9,779,20.03154574,26.1,29.4,14.1,30.8,111.9,-1.332906369162386,2.6
E02000635,Lambeth 018,11.8,44.6,899,16.03498542,21.9,25.4,11.9,46.2,90.5,-1.537117266720126,2.3
E02000636,Lambeth 019,6.1,51.5,1522,19.66145833,9.7,16.6,7.8,26,96.6,-1.743796549415721,1.4
E02000637,Lambeth 020,10.1,47.3,924,13.87137453,18.7,27.9,10.9,40.3,80.5,-1.517567814481751,2.2
E02000638,Lambeth 021,16.5,42.4,746,15.78014184,24.6,28.0,13.5,37.1,99.0,-1.507832722160826,3.6
E02000639,Lambeth 022,17.3,50.7,456,18.85175664,25.1,31.4,13.8,27.5,108.1,-1.525632934538077,5.8
E02000640,Lambeth 023,10.8,45.5,1164,15.24201854,16.4,13.4,11.3,25.7,79.1,-1.617162443643826,1.7
E02000641,Lambeth 024,19.4,48.8,401,20.49364248,31.1,31.1,15.4,44.1,110.1,-1.357248628904055,4.4
E02000642,Lambeth 025,13.7,47.3,735,16.31372549,17.8,20.2,13.3,40,103.2,-1.576002648168251,2.4
E02000643,Lambeth 026,13.0,42.8,849,16.08961303,19.7,24.5,12.1,42.5,96.5,-1.757205489431888,4.1
E02000644,Lambeth 027,12.8,38.3,681,13.45646438,16.2,22.8,11.9,35.5,90.1,-1.512927550425744,3.6
E02000645,Lambeth 028,12.1,42.7,811,14.37648928,18.4,22.1,11.3,36.3,92.3,-1.733361835078437,3.1
E02000646,Lambeth 029,12.3,42.1,908,14.46188341,16.1,23.3,12.3,36.4,99.4,-1.250335830228892,4.3
E02000647,Lambeth 030,14.1,44.1,622,16.20658949,13.9,17.6,13.9,20.8,76.7,-1.476650540833608,2.7
E02000648,Lambeth 031,23.3,50.9,357,17.77084957,27.9,25.3,16.6,57,133.7,-1.287697972272754,2.8
E02000649,Lambeth 032,12.6,45.3,945,14.20074349,18.9,31.1,11.3,29.2,108.2,-1.489776757183195,5.3
E02000650,Lambeth 033,18.1,46.1,482,16.40776699,27.1,20.8,14.4,61,99.0,-1.64906753623492,2.3
E02000651,Lambeth 034,15.0,41.5,658,13.58249772,15.7,24.1,12.8,34.9,100.2,-1.510737825789082,4.5
E02000652,Lambeth 035,18.4,42.5,351,23.2049948,20.1,17.2,14.7,35,103.4,-1.666164041776035,7.1
E02000653,Lewisham 001,16.6,49.8,605,20.94474153,32.3,32.1,12.4,35.7,102.3,-1.549111651402944,4.0
E02000654,Lewisham 002,21.8,52.1,395,21.32780083,32.6,36.2,14.5,39.1,105.0,-1.407814539023471,6.5
E02000655,Lewisham 003,17.0,46.5,485,18.50802644,27.4,34.6,12.6,51.8,97.3,-1.392981476207272,4.0
E02000657,Lewisham 005,12.3,40.1,577,15.24861878,22.7,31.7,11.6,32.6,100.1,-1.273905025343016,2.9
E02000658,Lewisham 006,14.3,47.0,558,15.46723953,21.6,27.3,13.6,34.9,91.7,-1.207943326245899,3.6
E02000659,Lewisham 007,14.3,41.6,766,14.62217861,18.6,18.3,12.7,29.8,82.8,-1.015850397619024,3.0
E02000660,Lewisham 008,11.2,39.0,735,12.10340776,18.8,31.0,11.2,36.6,81.1,-1.357296627752542,1.9
E02000661,Lewisham 009,11.9,38.0,817,11.55015198,16.0,18.2,13.0,33.9,73.9,-1.138275984578852,1.3
E02000662,Lewisham 010,14.5,36.3,534,15.51724138,23.1,23.8,12.6,37.5,95.5,-1.433530836822214,3.2
E02000663,Lewisham 011,11.3,36.2,509,14.30429129,21.7,21.2,12.0,76.5,80.3,-1.2508132252081,3.5
E02000664,Lewisham 012,17.4,52.4,618,12.36947791,26.9,30.8,15.5,60.9,117.1,-0.8150929396539426,4.8
E02000665,Lewisham 013,15.2,39.1,631,12.83095723,17.7,19.7,13.8,39.8,67.7,-1.279915259464066,3.0
E02000666,Lewisham 014,14.3,41.0,539,13.81048387,19.2,19.4,13.3,56.5,80.0,-1.204526206977384,3.1
E02000667,Lewisham 015,14.8,32.8,450,10.51401869,9.9,12.4,11.8,40.8,79.9,-1.351621516544773,2.2
E02000668,Lewisham 016,13.9,41.4,497,12.13808463,15.2,11.5,13.5,20,77.3,-1.134853641098912,1.9
E02000669,Lewisham 017,14.3,47.2,573,14.04072883,21.2,26.1,12.9,28.5,84.0,-1.163162494194733,2.7
E02000670,Lewisham 018,18.9,49.6,276,16.17795753,26.9,23.3,15.6,52.8,101.5,-0.984295285769382,3.1
E02000671,Lewisham 019,15.6,43.3,633,12.31481481,16.9,17.1,14.1,32.1,85.0,-1.303590518987533,2.0
E02000672,Lewisham 020,17.2,43.6,416,16.54991243,19.8,26.2,16.0,80.4,119.6,-0.7481537120492847,3.3
E02000673,Lewisham 021,11.2,37.3,726,17.9090029,12.9,17.4,11.0,34.5,75.5,-1.611856142273422,1.8
E02000674,Lewisham 022,17.5,38.6,417,19.29666366,19.3,13.2,14.8,73.2,85.4,-1.454048794418897,3.0
E02000675,Lewisham 023,19.3,38.1,538,12.75229358,16.7,12.2,14.4,42.6,86.9,-1.125764953893979,2.2
E02000676,Lewisham 024,15.0,46.4,598,13.67521368,18.5,18.0,13.3,35.5,82.0,-1.425011717738885,1.7
E02000677,Lewisham 025,17.1,33.3,444,17.07589286,16.0,18.7,14.2,45,88.2,-0.930849391712948,2.8
E02000678,Lewisham 026,26.4,43.0,265,17.8,26.2,17.7,16.4,67.5,101.1,-1.1596479203936,2.2
E02000679,Lewisham 027,17.4,48.3,509,14.61397059,25.1,22.1,14.7,39.6,81.3,-1.017847821559529,2.3
E02000680,Lewisham 028,17.1,43.9,424,13.7295082,22.1,24.0,15.0,53,90.2,-0.5162664678504906,2.8
E02000681,Lewisham 029,25.1,44.0,387,19.96542783,26.5,17.3,17.8,71.9,106.1,-0.9704608857965092,2.4
E02000682,Lewisham 030,25.5,46.4,318,19.62025316,29.1,17.0,17.1,65,94.3,-1.004090820230805,3.2
E02000683,Lewisham 031,26.9,54.2,287,16.52452026,25.7,16.5,18.7,45.3,105.1,-0.6675001727607277,2.2
E02000685,Lewisham 033,19.4,44.1,429,14.75095785,22.3,20.1,16.0,44.6,82.8,-0.4367987852681996,2.0
E02000686,Lewisham 034,25.8,48.4,232,17.99462847,30.8,20.7,17.1,64.3,115.0,-0.882125408312364,2.5
E02000687,Lewisham 035,18.1,36.7,488,13.50826045,22.2,17.6,15.7,44.7,93.4,-0.9082200781488808,1.8
E02000689,Merton 001,7.1,44.2,1010,14.61609621,8.5,18.6,8.6,21.9,75.3,-1.878350327741846,1.2
E02000690,Merton 002,8.2,49.2,806,20.36753446,3.3,4.5,12.4,49.9,63.8,-1.719603941623849,1.4
E02000691,Merton 003,7.6,36.1,972,17.27616646,6.7,16.1,9.2,21.7,71.2,-1.829608286139122,1.2
E02000692,Merton 004,6.0,35.7,1254,13.59773371,2.7,13.5,10.4,21.3,67.9,-1.395657350247964,1.6
E02000693,Merton 005,10.3,33.3,900,9.635722679,11.7,23.5,10.1,25.4,82.1,-1.626993892085092,3.8
E02000694,Merton 006,11.1,38.0,1127,11.41141141,10.3,14.8,10.2,37.5,102.6,-1.79575280907799,1.8
E02000695,Merton 007,16.2,39.7,475,18.38006231,11.3,16.8,14.1,39,114.1,-1.7650559646299,7.7
E02000696,Merton 008,16.5,37.6,525,14.16184971,16.4,24.1,11.7,45.6,93.5,-1.617296104842023,7.0
E02000697,Merton 009,6.0,40.9,1124,10.93560146,5.1,15.3,8.1,20.1,71.6,-1.771421448512121,1.5
E02000698,Merton 010,7.5,38.0,939,16.50197628,3.4,6.8,10.9,55.2,62.4,-1.847147131423017,1.3
E02000699,Merton 011,8.0,25.0,899,13.0787037,3.4,10.6,9.2,26.5,62.4,-1.662093702901052,1.3
E02000700,Merton 012,19.3,42.7,466,16.19396157,25.1,25.8,13.5,50.6,112.7,-1.651790283248927,5.0
E02000701,Merton 013,20.4,42.0,416,17.6276771,15.9,20.6,13.7,53.6,109.0,-1.485879741287503,7.0
E02000702,Merton 014,21.5,39.3,357,16.92982456,22.7,22.0,14.5,65.4,116.6,-1.255711497909407,4.9
E02000703,Merton 015,12.1,34.3,699,17.59162304,6.2,7.6,12.4,22.3,68.2,-1.307448565502543,2.1
E02000704,Merton 016,14.7,40.1,691,11.30876747,12.9,16.2,13.4,68.8,89.1,-1.580057629412432,2.3
E02000705,Merton 017,18.9,30.2,402,20.30965392,12.9,13.6,14.4,29.2,104.7,-1.324475281464365,5.1
E02000706,Merton 018,24.0,42.8,351,18.81113619,25.6,28.2,15.2,49.4,112.4,-1.178729288989008,5.7
E02000707,Merton 019,22.2,41.6,267,22.70042194,27.2,21.8,13.6,46.5,120.4,-1.511837517855357,3.0
E02000708,Merton 020,13.4,39.2,587,13.88638413,7.2,9.1,12.0,90,74.7,-1.7447763933686,3.4
E02000709,Merton 021,16.6,31.0,546,16.55629139,7.3,7.4,13.9,32.8,76.5,-1.148754435329154,2.2
E02000710,Merton 022,24.0,38.3,405,16.71335201,22.2,18.2,17.8,76.8,99.1,-1.100226089553385,3.7
E02000711,Merton 023,22.0,45.6,430,17.76971895,18.3,18.2,15.5,78.3,107.3,-1.131352990884232,5.2
E02000712,Merton 024,24.1,45.7,448,17.32217573,19.6,15.7,17.0,82.4,112.1,-1.025490827760337,3.4
E02000713,Merton 025,21.8,29.9,459,14.3006263,6.3,6.4,13.8,50.5,84.2,-1.07425847552873,1.7
E02000714,Newham 001,18.5,47.3,382,21.80312787,19.7,34.3,12.5,53.1,92.5,-1.716236514334499,8.6
E02000715,Newham 002,22.9,59.0,187,31.23209169,18.1,34.8,15.5,32.9,100.4,-1.963511185452069,10.0
E02000716,Newham 003,21.0,45.9,274,24.18367347,19.4,31.8,14.2,36.7,123.4,-1.33931839744864,10.2
E02000717,Newham 004,21.6,53.8,231,27.44014733,17.3,38.3,14.7,34.9,95.5,-1.757641505504538,11.7
E02000718,Newham 005,23.6,54.8,143,29.77941176,22.4,34.3,15.5,34,96.0,-1.86644407497245,9.8
E02000719,Newham 006,17.3,38.7,380,21.9047619,19.6,37.0,13.1,48.4,96.8,-1.580725916849394,8.3
E02000720,Newham 007,18.9,42.8,289,25.25366404,15.6,30.4,13.6,45.1,99.1,-1.775228888769289,10.0
E02000721,Newham 008,21.3,51.8,307,26.44770959,21.9,39.9,13.8,41.9,120.8,-1.636904617065445,12.0
E02000722,Newham 009,16.3,44.8,546,19.18542337,20.8,34.7,12.6,46.8,105.2,-1.681355322212243,7.9
E02000723,Newham 010,19.2,50.3,276,27.7866242,15.4,37.2,14.7,22.9,94.9,-1.969540105352237,11.9
E02000724,Newham 011,21.5,61.6,263,31.33561644,17.2,36.6,14.7,24.1,90.8,-2.08793600298638,11.7
E02000725,Newham 012,14.3,41.6,689,16.8618267,25.4,39.3,11.9,35.3,93.2,-1.6360091505713,6.5
E02000726,Newham 013,13.6,46.5,659,18.28316611,25.9,42.2,11.3,26.3,77.6,-1.738296429114132,6.3
E02000727,Newham 014,19.4,54.4,213,28.96622313,16.0,42.1,13.5,25,90.9,-2.178195939703048,11.9
E02000728,Newham 015,18.1,50.3,238,25.57286893,13.8,35.9,13.8,34.8,111.8,-2.169963855379623,10.4
E02000729,Newham 016,20.6,45.9,335,23.13953488,15.8,31.4,14.3,46.6,104.4,-1.775127785511099,10.1
E02000730,Newham 017,21.1,60.4,274,26.63414634,14.9,37.6,15.2,38.3,112.4,-2.157945299330779,12.5
E02000731,Newham 018,18.4,57.5,294,26.22814321,16.9,41.3,13.4,34.2,80.5,-2.079626056381133,10.9
E02000732,Newham 019,24.6,61.7,166,28.58508604,22.9,39.0,15.8,47,91.6,-2.156691157410199,10.5
E02000733,Newham 020,22.1,50.6,434,27.99043062,24.4,33.9,13.7,46.9,106.1,-1.577078441551909,7.5
E02000734,Newham 021,21.9,49.3,291,27.13026445,22.9,35.1,14.3,32.4,85.2,-1.615208690502922,7.7
E02000735,Newham 022,22.5,61.0,253,26.07329843,19.1,34.3,14.9,34.2,97.8,-1.825778103570945,10.6
E02000736,Newham 023,23.6,52.7,223,27.93553338,19.2,32.4,14.7,40.3,109.8,-1.775919131275218,8.8
E02000737,Newham 024,22.1,45.2,287,27.6534296,17.3,28.1,14.7,34.1,95.6,-1.745840052839564,7.6
E02000738,Newham 025,20.3,51.1,261,29.64254577,14.0,28.5,12.5,30.9,94.6,-2.104819675009121,8.7
E02000739,Newham 026,21.5,48.0,290,22.02835333,18.8,35.5,14.2,37.6,96.3,-1.114867117308293,8.3
E02000740,Newham 027,22.3,51.6,260,21.99349946,24.4,33.6,14.6,39.5,137.3,-1.255658820700109,6.5
E02000741,Newham 028,22.2,50.9,287,24.54394693,18.5,31.7,13.5,55,93.7,-1.755856195915886,8.1
E02000742,Newham 029,23.8,50.7,259,27.08333333,20.5,30.6,14.1,43,115.7,-1.619488175048283,7.5
E02000743,Newham 030,27.3,52.0,246,24.45255474,28.5,36.1,17.0,36.9,127.0,-1.067616833469255,7.2
E02000744,Newham 031,26.0,49.0,307,21.11959288,22.8,31.6,14.2,47,112.3,-1.493327078868446,7.5
E02000745,Newham 032,22.1,42.7,412,20.41322314,23.0,31.6,12.8,46.7,108.2,-1.506680746807041,8.0
E02000746,Newham 033,19.6,44.3,291,17.34795613,20.4,31.2,15.0,79.6,106.2,-1.410435132208716,6.8
E02000747,Newham 034,20.9,52.0,822,24.55985915,26.9,42.1,13.6,29.3,88.4,-1.202523434542386,4.4
E02000748,Newham 035,17.4,40.1,335,14.05919662,15.2,29.9,11.7,31.8,105.0,-1.683287190454658,8.4
E02000749,Newham 036,28.9,46.5,298,23.72204473,27.4,29.6,16.4,38.4,143.7,-0.9567348198021992,5.1
E02000750,Newham 037,14.1,46.7,900,18.96678967,21.8,31.4,9.1,44,86.2,-1.631624538710028,3.9
E02000751,Redbridge 001,15.0,26.3,1069,16.31445478,4.4,5.6,14.9,35.3,66.1,-1.572988418875864,0.8
E02000752,Redbridge 002,31.2,50.5,313,18.47715736,23.3,14.0,21.8,36.7,104.3,-1.415008453050125,2.0
E02000753,Redbridge 003,26.4,48.1,317,17.34357849,18.8,10.9,18.9,45.6,87.2,-1.73559109532888,2.7
E02000754,Redbridge 004,18.9,47.1,448,14.75595914,12.0,9.4,14.3,31,75.0,-1.616889911163163,2.1
E02000755,Redbridge 005,21.1,39.1,334,11.75656985,12.1,8.6,15.2,24.4,70.1,-1.902710442496268,1.3
E02000756,Redbridge 006,21.2,48.7,802,15.33180778,11.9,10.1,15.4,25.5,77.3,-1.651303183052177,2.6
E02000757,Redbridge 007,12.3,39.5,1186,13.13347609,7.3,14.8,12.1,25.6,64.1,-1.355010197779983,1.1
E02000758,Redbridge 008,23.1,44.5,293,20.66326531,13.6,11.5,17.1,20.1,74.0,-1.666593719183182,3.2
E02000759,Redbridge 009,15.9,39.4,881,15.97908193,12.6,13.1,12.3,23.9,66.2,-1.566326059764792,2.8
E02000760,Redbridge 010,23.6,52.6,384,15.97151577,16.9,13.2,16.8,28.9,72.5,-1.584868591258292,3.2
E02000762,Redbridge 012,17.2,39.7,336,19.12144703,8.4,10.5,16.6,18.8,72.7,-2.030301223369652,3.8
E02000763,Redbridge 013,19.6,42.8,344,20.54108216,11.6,14.9,15.6,26.6,73.2,-1.918136766477424,4.1
E02000764,Redbridge 014,14.9,34.8,1229,12.16640502,7.4,11.1,16.3,28.8,77.6,-1.060284619810624,1.6
E02000765,Redbridge 015,17.2,42.3,305,19.6239718,9.0,16.0,15.1,23.8,76.0,-2.090333015942839,4.8
E02000767,Redbridge 017,19.6,43.1,371,18.77890842,10.2,18.3,15.5,17.3,69.6,-1.62774662164609,4.0
E02000768,Redbridge 018,13.8,25.2,556,15.39528433,5.2,8.1,13.4,32.4,70.0,-1.381955185054459,1.4
E02000769,Redbridge 019,18.5,49.7,640,19.14311759,16.0,14.9,13.9,20.2,70.7,-1.942870881247572,3.4
E02000770,Redbridge 020,17.6,43.7,350,25.94296228,11.8,21.6,14.2,27.7,84.1,-1.72593824000086,5.9
E02000772,Redbridge 022,18.3,57.0,363,21.95540309,13.4,24.1,14.4,39.2,85.3,-1.847313740222152,6.4
E02000773,Redbridge 023,17.3,50.6,382,23.10418143,14.6,23.9,12.8,25.8,78.3,-1.851134070433411,6.0
E02000774,Redbridge 024,18.5,63.7,272,23.64380757,15.4,23.2,14.3,15.6,90.8,-1.601408373597289,7.9
E02000776,Redbridge 026,16.2,54.9,312,25.02818489,13.0,21.8,14.0,19.3,67.3,-1.773435952963724,6.2
E02000777,Redbridge 027,16.4,35.6,512,15.05944518,10.3,10.5,16.2,45.6,100.7,-1.091659052282796,2.1
E02000779,Redbridge 029,16.9,53.2,332,15.4772141,17.3,37.4,13.7,43.8,101.4,-1.456637533796329,7.1
E02000780,Redbridge 030,18.6,64.9,502,27.04252269,16.4,32.5,13.3,27.3,109.4,-1.196274271291005,8.9
E02000781,Redbridge 031,20.5,42.9,588,26.2605042,15.8,15.7,14.8,31.4,82.1,-1.97086081819687,5.9
E02000782,Redbridge 032,19.8,66.0,271,26.55571635,22.4,37.4,14.4,27.4,89.0,-1.896486872687645,9.8
E02000783,Redbridge 033,20.5,67.6,217,27.71599658,22.3,29.2,14.7,29.8,93.5,-2.09446040409867,8.2
E02000784,Richmond upon Thames 001,9.1,42.1,1463,19.18335901,6.5,9.8,11.1,38.4,71.5,-1.472363053629206,0.9
E02000785,Richmond upon Thames 002,5.8,34.0,1370,13.15789474,3.1,8.9,9.9,56.4,60.9,-2.219863292866389,0.9
E02000786,Richmond upon Thames 003,9.8,39.1,1546,13.55072464,8.1,10.1,10.4,50.4,70.9,-1.600759299855448,0.8
E02000787,Richmond upon Thames 004,11.6,43.9,1293,14.24354244,9.3,13.1,11.5,124.6,92.8,-1.902370969714009,1.6
E02000788,Richmond upon Thames 005,7.6,29.9,1148,14.15174766,3.8,9.9,9.7,37.4,59.5,-1.829801543822782,0.9
E02000789,Richmond upon Thames 006,8.8,33.9,927,15.83452211,6.9,12.2,10.9,57.2,70.2,-1.624596769214717,1.1
E02000790,Richmond upon Thames 007,5.4,29.4,896,13.3938706,3.1,7.1,7.4,23,66.5,-2.000413415226241,0.5
E02000791,Richmond upon Thames 008,5.1,31.2,1075,11.32404181,2.5,13.4,8.9,28.9,50.7,-2.049301457626557,0.7
E02000792,Richmond upon Thames 009,6.4,37.0,1037,15.64102564,2.6,11.8,10.7,43.7,53.9,-1.993813965357492,0.9
E02000793,Richmond upon Thames 010,16.8,39.4,566,14.63654224,10.2,10.4,14.4,58.7,110.3,-1.521913571121365,1.8
E02000794,Richmond upon Thames 011,10.4,31.8,716,14.03091558,3.3,6.8,10.7,62.8,99.9,-2.348344375546505,0.9
E02000795,Richmond upon Thames 012,9.3,35.5,824,21.16040956,3.7,4.7,11.0,59.7,57.7,-1.656070850961717,0.7
E02000796,Richmond upon Thames 013,20.4,47.6,572,17.00581395,15.5,11.9,15.3,119.3,104.5,-1.702273123977495,2.5
E02000797,Richmond upon Thames 014,6.4,35.9,953,8.8639201,4.3,12.4,8.1,55.6,97.3,-2.488739163552252,0.8
E02000798,Richmond upon Thames 015,13.4,27.7,948,11.78861789,7.1,7.7,12.0,55.9,101.2,-2.158613070177272,1.3
E02000799,Richmond upon Thames 016,6.2,32.0,694,15.63342318,3.5,8.0,8.9,93.8,68.6,-2.312062790901717,0.4
E02000800,Richmond upon Thames 017,17.3,44.6,338,16.20029455,16.0,10.2,14.9,83,85.6,-1.276368705677159,1.3
E02000801,Richmond upon Thames 018,7.9,25.9,753,11.62255466,5.0,8.3,8.7,83.2,76.8,-2.135797640712688,0.5
E02000802,Richmond upon Thames 019,11.4,23.9,701,13.23692992,7.3,9.7,13.0,109.4,87.3,-1.496401319392097,0.7
E02000803,Richmond upon Thames 020,17.6,40.8,688,13.21695761,14.5,10.5,15.6,92.6,122.9,-1.949086277941127,1.4
E02000804,Richmond upon Thames 021,8.4,26.8,805,14.23611111,4.4,9.8,11.8,77.4,89.2,-1.950924476346676,0.5
E02000805,Richmond upon Thames 022,10.0,43.0,1069,14.46776612,7.6,12.3,12.3,84.6,78.5,-1.31044011417716,0.9
E02000806,Richmond upon Thames 023,12.5,39.1,917,11.28165771,6.6,8.1,13.0,131.5,77.2,-2.138347219342489,0.6
E02000807,Southwark 001,10.0,41.7,1251,8.947368421,14.6,21.1,9.1,32.7,86.5,-1.570293955835144,1.4
E02000808,Southwark 002,10.8,47.8,1483,15.05016722,27.7,35.3,11.3,67.8,120.7,-1.169873908956354,1.7
E02000809,Southwark 003,6.4,49.3,3238,10.82802548,22.7,30.2,6.7,32,66.3,-2.054922978381438,1.1
E02000810,Southwark 004,19.8,52.7,878,16.85499058,30.4,32.9,14.5,59.7,125.5,-1.313288410936668,2.5
E02000812,Southwark 006,14.4,44.4,1111,16.51560926,30.5,36.0,13.6,51.3,151.5,-1.50668079192036,2.3
E02000813,Southwark 007,20.7,51.4,647,18.21705426,30.5,31.3,14.7,59.2,125.3,-1.289881901843379,3.2
E02000814,Southwark 008,10.8,39.5,1173,11.27717391,20.5,25.6,9.9,28.8,80.3,-1.480387331063072,2.2
E02000815,Southwark 009,9.6,40.6,747,17.67955801,26.5,37.1,9.0,47.7,93.3,-1.61182841047745,3.6
E02000816,Southwark 010,23.8,49.7,606,15.59714795,28.7,29.2,15.4,75.9,130.3,-1.277650746146683,2.9
E02000817,Southwark 011,29.9,52.6,325,15.38461538,31.9,28.1,20.4,90.2,212.6,-1.175408187929848,3.9
E02000818,Southwark 012,21.4,40.0,503,18.56060606,28.5,32.4,16.2,84.5,142.0,-1.249194288796501,3.9
E02000819,Southwark 013,20.9,48.3,455,19.3236715,28.1,34.3,15.5,74.9,140.8,-1.300518227977622,4.2
E02000820,Southwark 014,17.0,45.4,697,19.39799331,26.1,34.8,14.1,88,133.1,-1.5311380229111,3.5
E02000821,Southwark 015,22.6,43.7,343,22.13868003,35.7,34.5,14.6,51,127.7,-1.1723954353176,6.0
E02000822,Southwark 016,21.7,45.9,382,19.84126984,29.8,36.5,14.5,41.3,113.4,-1.395201080393052,5.5
E02000823,Southwark 017,19.2,44.1,514,19.02113459,28.4,30.1,15.0,30.3,100.5,-1.548326772324736,4.7
E02000824,Southwark 018,22.0,47.7,327,25.61750176,29.5,35.9,14.9,38.6,134.1,-1.684976889853664,4.4
E02000825,Southwark 019,19.6,46.0,430,21.05943152,28.9,43.2,13.8,32.1,92.3,-1.686228887033091,4.7
E02000826,Southwark 020,17.8,38.2,490,20.44247788,26.8,33.5,13.7,38.5,80.6,-1.756668414765544,4.3
E02000827,Southwark 021,19.0,37.1,571,19.44240646,23.3,36.6,14.2,54.8,109.6,-1.599289125465469,4.8
E02000828,Southwark 022,20.4,50.6,395,20.39586919,28.9,36.1,15.3,37.8,104.5,-1.805945138471682,5.5
E02000829,Southwark 023,20.4,43.9,590,16.18969747,29.2,33.0,17.5,47.1,118.2,-1.203650383506184,4.1
E02000830,Southwark 024,11.6,44.1,906,18.09421842,14.5,23.1,12.6,30.6,78.7,-1.68308923774046,2.0
E02000831,Southwark 025,14.3,42.5,810,13.62445415,19.7,24.7,14.2,41.5,93.8,-1.206590651471953,2.5
E02000832,Southwark 026,21.7,46.8,497,20.1509434,26.9,26.9,17.6,34.3,104.8,-1.271402221180346,2.9
E02000833,Southwark 027,14.6,39.1,480,16.54545455,20.2,24.6,11.5,45.7,82.5,-1.907634421314905,3.0
E02000834,Southwark 028,11.3,39.6,1030,11.75869121,12.7,20.0,12.2,37.9,74.8,-1.528150785226448,1.2
E02000835,Southwark 029,16.6,46.6,516,13.31417625,17.6,18.6,13.7,30.2,78.3,-1.386466693400613,2.0
E02000836,Southwark 030,11.5,33.9,955,13.61003861,10.0,12.4,11.8,30.7,70.0,-1.335207242139248,1.2
E02000837,Southwark 031,8.1,32.5,1209,20.7852194,5.2,8.6,9.3,39,57.8,-2.153987394968612,0.8
E02000838,Southwark 032,13.9,42.3,852,14.1285956,11.3,15.1,13.0,40.6,84.7,-1.536497437842887,1.4
E02000839,Southwark 033,12.7,47.9,705,16.27246925,17.9,15.5,14.1,23.1,75.9,-1.814198257058018,1.6
E02000840,Sutton 001,28.1,47.9,370,15.48242334,25.3,17.6,16.9,96.9,120.4,-0.5772447059656926,1.7
E02000841,Sutton 002,27.5,48.0,400,16.90245719,24.2,17.5,16.3,79.7,106.6,-0.5653615766396438,2.4
E02000842,Sutton 003,21.6,34.7,451,15.83756345,7.9,6.4,14.4,85.3,89.1,-0.6434002736161752,1.5
E02000843,Sutton 004,18.5,42.1,508,14.02142162,14.9,13.2,11.7,85.4,95.1,-0.8980998446933488,1.2
E02000844,Sutton 005,23.4,35.8,419,15.44571933,16.3,9.6,15.4,97.1,109.3,-0.5260879855092955,1.2
E02000845,Sutton 006,15.9,34.2,630,11.34421134,10.0,9.7,11.3,53.9,83.3,-1.791264690667438,2.1
E02000846,Sutton 007,20.5,36.5,397,13.4595163,9.5,6.6,15.7,55.9,79.6,-0.9062311580471788,1.3
E02000847,Sutton 008,19.2,32.4,576,13.43984962,7.5,5.8,14.6,52.3,76.4,-1.592206818030065,1.3
E02000848,Sutton 009,18.8,25.1,472,16.57559199,6.4,5.7,11.7,70.8,91.1,-1.515726218360666,1.0
E02000849,Sutton 010,17.4,42.5,444,14.84759095,10.3,9.5,14.4,92,89.4,-0.902432456762274,1.0
E02000850,Sutton 011,19.8,31.0,604,14.80169972,9.9,7.0,13.6,58.9,85.6,-1.16273335477672,1.0
E02000851,Sutton 012,21.5,53.3,515,11.79941003,20.0,21.1,17.3,100.5,117.2,-0.7936938890413805,2.6
E02000852,Sutton 013,17.0,34.0,523,11.37055838,8.4,9.0,11.7,63.6,99.7,-1.13064143449217,1.0
E02000853,Sutton 014,17.7,37.5,509,11.88299817,12.8,8.9,12.7,68.3,83.9,-1.174733837772045,1.8
E02000854,Sutton 015,15.1,39.2,556,14.2384106,10.5,7.9,13.4,72.2,85.9,-1.021274471336528,0.6
E02000855,Sutton 016,13.6,29.5,567,13.94891945,5.9,6.2,12.6,63.6,74.6,-1.322809506348451,1.2
E02000856,Sutton 017,15.0,29.1,613,13.16831683,8.2,12.9,13.3,99,82.4,-1.437733415837295,1.2
E02000857,Sutton 018,13.8,40.6,622,8.05134189,8.6,15.2,15.2,82.4,75.1,-0.7861098166793283,1.7
E02000858,Sutton 019,25.3,52.2,321,19.37602627,27.3,16.7,16.9,119.3,135.4,-0.677135365194016,1.5
E02000859,Sutton 020,18.2,43.7,564,14.87854251,10.6,8.5,17.5,81,77.6,-0.61299518095307,1.2
E02000860,Sutton 021,17.5,42.9,580,10.40935673,15.9,18.4,17.0,70.3,98.7,-0.7444604838102649,2.1
E02000861,Sutton 022,11.2,25.3,625,16.68496158,4.1,3.2,11.7,51.4,60.5,-1.53487439824062,0.6
E02000863,Sutton 024,17.6,35.3,514,17.24137931,10.4,4.4,15.0,61.8,72.5,-1.305459013474607,0.7
E02000864,Tower Hamlets 001,28.6,58.5,508,27.42268041,31.9,26.5,18.4,41,102.3,-0.9764443872033725,5.4
E02000865,Tower Hamlets 002,24.6,63.1,401,29.30174564,25.2,31.2,17.0,36.4,143.1,-0.8700782846974005,8.4
E02000866,Tower Hamlets 003,19.5,51.6,861,25.05263158,21.4,23.0,13.4,55.6,88.4,-1.186719196290613,4.3
E02000867,Tower Hamlets 004,16.0,59.2,1071,23.47826087,26.9,40.1,11.6,29.2,78.3,-1.22089592941022,4.6
E02000868,Tower Hamlets 005,19.5,69.7,586,33.45454545,26.6,34.4,13.3,24.5,94.6,-1.452510018299012,6.9
E02000869,Tower Hamlets 006,21.9,57.9,537,25.68807339,29.2,28.9,16.8,25.9,102.6,-1.088217860829269,6.9
E02000870,Tower Hamlets 007,23.6,57.1,435,28.41068917,29.0,30.8,15.6,42.9,104.3,-1.461175885725915,6.3
E02000871,Tower Hamlets 008,24.6,65.2,323,31.0137457,30.3,38.0,14.3,31.4,94.1,-1.643535692211941,10.3
E02000872,Tower Hamlets 009,19.6,67.0,765,30.88023088,31.1,41.2,13.9,22.4,93.1,-1.285329392760116,8.4
E02000873,Tower Hamlets 010,16.5,66.5,389,31.41426783,26.2,37.2,12.0,18.8,70.8,-1.718718568657812,8.1
E02000874,Tower Hamlets 011,23.9,66.2,321,35.4679803,28.6,40.9,15.6,40.5,100.6,-1.620828077127153,11.4
E02000875,Tower Hamlets 012,24.4,66.6,470,34.16046319,27.5,38.6,14.2,32,83.3,-1.704497762252122,10.3
E02000876,Tower Hamlets 013,19.1,78.1,488,29.24242424,27.8,41.1,14.6,37.6,110.1,-1.588124964870525,10.5
E02000877,Tower Hamlets 014,24.3,60.0,415,33.65695793,28.5,38.2,14.0,29.2,91.9,-1.678552833865098,10.3
E02000878,Tower Hamlets 015,17.2,75.6,1215,27.41116751,27.1,39.9,13.6,40.9,128.2,-1.305667136501562,10.7
E02000879,Tower Hamlets 016,26.3,64.6,373,33.58681876,26.8,34.1,18.4,45.3,124.7,-1.166159890321908,9.8
E02000880,Tower Hamlets 017,23.1,64.2,317,29.13256956,21.1,38.7,15.3,26.9,102.2,-1.41728105215868,10.7
E02000881,Tower Hamlets 018,29.2,66.1,265,35.17382413,31.8,35.0,15.4,51.2,97.1,-1.261196793437791,9.2
E02000882,Tower Hamlets 019,27.5,65.7,332,35.47826087,28.2,37.8,16.4,32.6,101.6,-1.49733208823669,11.0
E02000883,Tower Hamlets 020,31.9,62.6,263,32.27561197,30.1,33.0,18.3,51.1,128.7,-1.26231221791844,10.0
E02000884,Tower Hamlets 021,13.6,73.8,1426,27.25968436,28.2,44.9,11.2,17.5,64.7,-2.002720524710866,10.2
E02000885,Tower Hamlets 022,27.2,67.5,337,33.65617433,29.9,39.1,18.3,28.1,107.3,-1.577161116535588,12.2
E02000886,Tower Hamlets 023,17.1,61.3,1022,25.40322581,23.9,30.4,12.3,27,83.8,-1.343628564364258,7.6
E02000887,Tower Hamlets 024,26.4,62.0,412,27.17569787,28.8,36.6,15.0,34.1,106.4,-0.9024368885559588,9.8
E02000888,Tower Hamlets 025,16.5,59.9,1066,29.19389978,23.4,37.8,10.7,31.6,71.7,-1.697518456056083,8.8
E02000889,Tower Hamlets 026,15.7,56.2,935,24.79871176,22.9,30.6,11.8,24.9,82.2,-1.633379915180982,6.9
E02000890,Tower Hamlets 027,8.8,40.6,1349,13.50649351,12.1,24.3,8.8,18,67.6,-1.971578764783448,2.5
E02000891,Tower Hamlets 028,11.6,58.2,1902,22.46203038,22.7,34.7,8.2,23.2,67.3,-1.950808289845147,4.8
E02000893,Tower Hamlets 030,20.3,58.3,611,17.3053152,19.9,22.6,14.2,35.9,118.6,-1.538099838582155,5.1
E02000894,Tower Hamlets 031,11.2,58.7,1490,15.32921811,16.6,25.8,7.7,20.5,64.5,-1.975060926431256,4.6
E02000895,Waltham Forest 001,29.1,46.1,380,17.70623742,22.2,12.3,20.0,31.7,84.3,-0.8984313573269986,2.0
E02000896,Waltham Forest 002,19.9,39.6,677,13.17073171,13.3,8.9,16.2,32.4,87.7,-1.396106429682589,1.0
E02000897,Waltham Forest 003,29.3,49.3,445,17.59776536,22.2,12.1,19.8,41,86.8,-1.418353374924002,2.1
E02000898,Waltham Forest 004,26.3,48.0,407,14.96598639,16.9,10.9,18.4,43.5,84.8,-1.022393663833283,2.1
E02000899,Waltham Forest 005,25.2,36.0,454,14.4,18.4,11.5,16.5,31.6,82.4,-1.033750459465868,2.7
E02000900,Waltham Forest 006,26.3,49.5,360,20.12522361,20.3,14.1,16.7,48.2,89.5,-1.487250943118502,3.2
E02000901,Waltham Forest 007,18.4,35.7,597,15.56082148,13.6,9.0,15.1,29.2,71.5,-1.813459559778305,1.5
E02000902,Waltham Forest 008,22.0,46.9,404,20.92050209,20.3,18.7,14.4,35.3,74.7,-1.859364687288897,3.6
E02000903,Waltham Forest 009,26.3,55.4,377,24.4478294,27.3,21.7,16.9,29.4,101.2,-1.403993211591942,6.5
E02000904,Waltham Forest 010,18.6,47.0,446,18.12816189,17.6,20.4,12.4,34.7,73.4,-1.92335587705479,4.4
E02000905,Waltham Forest 011,19.7,47.7,442,19.1376702,15.3,21.1,13.5,31.5,78.2,-1.243772161145087,6.7
E02000906,Waltham Forest 012,20.7,48.3,444,20.29548989,20.9,22.0,12.8,22.2,82.7,-1.648895265657775,7.2
E02000907,Waltham Forest 013,24.7,53.8,376,25.94936709,25.0,31.8,16.3,39.9,120.7,-0.8894721444547932,6.7
E02000908,Waltham Forest 014,18.0,45.1,602,15.98455598,20.8,29.2,12.7,25.7,80.9,-1.565472008734914,6.7
E02000909,Waltham Forest 015,16.8,42.4,543,15.42416452,15.9,20.3,13.2,37.8,78.7,-1.352264996978512,4.2
E02000910,Waltham Forest 016,17.3,51.7,617,16.76646707,17.3,26.4,14.4,26.1,88.1,-0.9366059970737958,7.9
E02000911,Waltham Forest 017,19.4,49.7,526,19.30555556,21.4,30.8,13.4,28,89.7,-1.514656058088645,7.7
E02000912,Waltham Forest 018,23.0,46.6,404,25.71202532,19.7,23.6,15.7,14.3,82.6,-1.296439245608194,8.1
E02000913,Waltham Forest 019,19.4,48.8,467,23.51797862,15.8,20.9,14.4,21.4,91.7,-1.705745004349837,6.6
E02000914,Waltham Forest 020,23.0,56.5,364,25.67272727,25.0,37.1,15.7,41.5,113.1,-1.61703585690444,10.8
E02000915,Waltham Forest 021,16.6,45.3,614,16.48471616,14.0,25.7,13.7,24.8,89.5,-1.202307670858357,4.3
E02000916,Waltham Forest 022,21.7,45.7,380,18.58887381,19.9,29.1,12.1,31.5,110.0,-1.322972117856165,8.6
E02000917,Waltham Forest 023,16.0,34.0,444,19.1626409,11.9,28.1,10.5,17.1,85.2,-1.635988117096721,7.8
E02000918,Waltham Forest 024,16.8,49.5,558,17.60435572,18.1,31.2,12.7,33.3,84.6,-1.935757660149159,5.6
E02000919,Waltham Forest 025,16.9,45.8,528,18.9,12.4,28.6,12.4,21.5,74.0,-1.881928105697031,7.8
E02000920,Waltham Forest 026,18.8,51.5,419,21.02519548,22.2,32.2,14.0,46,86.7,-1.768852770188693,7.2
E02000921,Waltham Forest 027,20.0,55.0,475,24.28958051,23.3,32.4,14.1,36.1,104.2,-1.442413054877417,6.5
E02000922,Waltham Forest 028,18.3,41.3,483,20.03081664,18.7,27.7,12.8,24.2,95.6,-1.435506346204221,8.3
E02000923,Wandsworth 001,9.0,37.0,1294,12.30283912,11.1,18.5,10.7,21.8,77.6,-1.548020295858361,1.5
E02000924,Wandsworth 002,13.6,52.1,1324,15.65703635,28.1,35.4,11.9,38.6,104.6,-1.569740168736342,3.6
E02000925,Wandsworth 003,17.6,49.7,775,19.65020576,27.3,27.0,14.6,52.6,122.6,-0.9802108530092182,2.4
E02000926,Wandsworth 004,9.9,49.8,1472,15.25658807,18.8,24.3,9.8,27.8,77.7,-1.611874384829486,1.6
E02000927,Wandsworth 005,17.0,54.9,927,13.44262295,24.4,17.7,14.1,75.9,129.4,-1.391819706510519,0.9
E02000928,Wandsworth 006,7.5,39.8,1414,16.30804077,5.7,10.2,8.6,27,64.4,-1.791783255058827,0.6
E02000929,Wandsworth 007,21.9,49.5,422,18.63488624,33.5,32.7,15.3,72.8,166.0,-1.207818324286488,3.0
E02000930,Wandsworth 008,7.7,46.5,1742,10.62416999,12.6,20.2,8.5,17.6,79.5,-1.981468125948369,1.0
E02000931,Wandsworth 009,5.3,33.8,1818,14.40377804,3.4,12.5,6.4,11.1,65.2,-2.053091123257376,0.7
E02000932,Wandsworth 010,5.1,43.9,2065,12.6778784,8.5,19.9,6.3,24.1,79.3,-1.863323499785078,1.2
E02000933,Wandsworth 011,9.2,45.2,1322,19.12632822,8.0,16.0,10.3,62.3,67.1,-1.755441570442757,1.2
E02000934,Wandsworth 012,8.7,39.6,1632,11.01573677,11.9,21.0,9.0,22,76.3,-1.883975051059358,1.2
E02000935,Wandsworth 013,18.7,57.4,286,19.47115385,31.9,25.2,15.8,93.3,132.6,-1.109437679889119,4.1
E02000936,Wandsworth 014,8.5,53.5,1166,15.69282137,14.8,20.5,11.8,23.5,84.6,-1.684355072700232,1.5
E02000937,Wandsworth 015,7.1,37.6,1449,19.70649895,5.1,11.3,8.1,11,62.3,-1.960924515385859,1.0
E02000938,Wandsworth 016,17.7,52.7,781,16.72661871,22.0,18.9,16.7,68.6,96.1,-1.152665024106595,2.6
E02000939,Wandsworth 017,7.6,50.8,1354,18.52534562,4.5,11.3,9.1,28.8,58.6,-1.562672210922955,1.2
E02000940,Wandsworth 018,14.7,51.0,819,17.20183486,25.7,27.3,11.4,35.5,94.4,-1.549662516601143,3.4
E02000941,Wandsworth 019,9.8,43.7,1598,19.05187835,8.8,12.5,9.3,87.7,103.5,-1.363117546566888,1.2
E02000942,Wandsworth 020,7.9,34.2,1332,21.34423252,5.5,12.6,8.7,26.3,67.3,-1.933556311970408,2.1
E02000943,Wandsworth 021,7.5,37.6,1452,18.85790173,9.3,19.4,8.5,25.8,76.1,-1.494281538268953,1.4
E02000944,Wandsworth 022,17.3,47.9,585,21.13459399,25.3,28.2,15.1,56.8,124.4,-1.416396253751423,4.1
E02000945,Wandsworth 023,18.7,48.1,343,21.20051086,28.8,25.5,16.0,82.1,124.2,-1.147365784960385,4.2
E02000946,Wandsworth 024,15.9,46.9,1000,18.43137255,19.6,17.6,13.6,47.4,73.2,-1.69742412389309,2.9
E02000947,Wandsworth 025,8.6,38.3,1204,9.359104781,6.1,10.7,8.8,16.9,69.9,-1.951713732952087,1.2
E02000948,Wandsworth 026,8.0,46.9,1577,13.08176101,12.7,16.6,9.1,33,94.4,-1.48603469263459,1.3
E02000949,Wandsworth 027,7.0,31.2,1573,20.24291498,4.6,17.9,10.0,33.9,82.4,-1.407936572835264,1.0
E02000950,Wandsworth 028,12.2,46.0,803,18.87694146,15.4,16.3,10.8,30.9,76.8,-1.983156893052657,3.0
E02000951,Wandsworth 029,10.0,43.4,831,16.34446397,12.8,23.5,13.0,20.5,92.8,-1.55115544748934,1.8
E02000952,Wandsworth 030,10.1,50.4,817,23.27447833,10.7,23.1,11.7,71.2,110.6,-1.661944236563554,2.4
E02000953,Wandsworth 031,10.4,37.1,860,14.09883721,8.7,24.3,9.1,33.7,74.2,-1.708730536194639,2.1
E02000954,Wandsworth 032,13.0,57.5,560,22.44897959,13.4,16.6,12.0,33.3,81.2,-1.793199555407352,4.5
E02000955,Wandsworth 033,18.0,53.3,429,17.40696279,23.2,21.3,14.3,41.1,105.0,-1.699253441555026,4.9
E02000956,Wandsworth 034,14.4,55.5,511,20.69857697,25.0,27.4,12.5,50.5,116.1,-1.560634282176212,4.6
E02000957,Wandsworth 035,13.5,53.5,820,16.2138475,18.6,22.9,12.7,21.8,103.8,-1.826565098527167,5.5
E02000958,Wandsworth 036,14.4,39.2,563,19.8156682,11.6,14.3,13.1,35.7,85.6,-1.705707025294474,3.4
E02000959,Wandsworth 037,16.9,49.8,488,17.49745677,20.1,22.6,13.9,34.9,108.5,-1.527256250661682,4.9
E02000960,Westminster 001,11.7,49.6,1133,14.36781609,6.7,18.3,13.9,11.6,46.8,-2.116615330797856,4.2
E02000961,Westminster 002,13.7,60.5,1325,23.67972743,13.8,24.2,13.9,20,61.4,-1.627782816611677,4.7
E02000962,Westminster 003,14.0,56.2,1142,19.63636364,11.1,30.8,16.9,13.8,71.7,-1.24372779871817,4.9
E02000963,Westminster 004,23.8,56.6,594,24.21203438,27.4,31.3,19.9,50,133.0,-0.9774585250313096,5.7
E02000964,Westminster 005,19.0,56.5,998,19.64769648,28.6,32.0,18.2,37.1,113.9,-1.169341989205481,4.8
E02000965,Westminster 006,9.8,56.9,1485,16.23449831,12.8,25.7,11.5,25.6,89.3,-1.738450435049368,3.2
E02000966,Westminster 007,8.5,50.9,1983,15.40880503,8.3,24.4,11.5,19.3,58.7,-1.865526853480677,3.8
E02000967,Westminster 008,6.4,58.5,1499,12.62729124,5.4,25.1,9.1,16.8,37.8,-2.341796177934572,2.6
E02000968,Westminster 009,27.7,67.4,737,28.81172002,33.7,41.3,22.8,69.8,117.8,-0.6774755593913123,9.9
E02000969,Westminster 010,25.8,62.4,505,26.11464968,34.4,40.0,21.3,24.7,137.4,-0.3970106380969115,7.5
E02000970,Westminster 011,5.9,40.2,2363,10.2739726,4.2,21.8,8.2,14.4,51.4,-1.894925943556372,1.7
E02000971,Westminster 012,9.0,55.9,1719,15.81632653,8.7,32.7,11.0,11.7,62.0,-1.95466082298321,3.8
E02000972,Westminster 013,10.1,57.3,1602,18.1122449,18.3,39.0,13.2,29.1,89.7,-1.169791950200356,3.5
E02000973,Westminster 014,8.9,54.1,2052,16.52281134,11.7,33.9,12.9,18,79.1,-1.624975751855149,2.7
E02000974,Westminster 015,13.2,65.9,1347,18.99736148,11.4,34.5,12.7,14.8,59.4,-1.137767725524806,5.6
E02000975,Westminster 016,5.9,55.0,1958,13.12607945,8.1,40.8,8.6,11.5,47.7,-2.0296746666549,3.5
E02000976,Westminster 017,7.8,55.9,1870,18.72399445,12.1,39.2,11.0,23.3,66.7,-1.805731125454335,4.1
E02000977,Westminster 018,9.4,44.3,1722,11.14551084,11.8,28.5,11.0,67.7,87.6,-1.804371776686136,3.3
E02000978,Westminster 019,5.7,50.9,1792,17.37849779,1.7,10.2,6.0,12.5,38.5,-2.230168532132878,2.3
E02000979,Westminster 020,10.8,46.3,1574,15.26845638,16.1,22.2,13.2,118.3,191.0,-1.16532338873968,2.9
E02000980,Westminster 021,14.0,57.3,1253,18.15889029,22.2,32.8,16.5,74.2,128.0,-0.8853088043852693,3.8
E02000981,Westminster 022,7.6,46.5,1923,15.78947368,15.7,28.7,11.6,58.9,86.6,-1.442181683897621,2.1
E02000982,Westminster 023,15.8,61.3,1009,19.93087558,26.2,32.0,16.8,53.9,100.1,-1.430411488684609,4.1
E02000983,Westminster 024,16.9,55.6,1158,20.67567568,27.7,33.5,17.6,51.3,99.7,-1.152843606884926,3.5
E02006782,Bromley 040,22.6,43.9,475,15.68627451,19.1,8.6,18.0,41.9,81.6,-0.8756833236145108,1.1
E02006783,Lewisham 037,30.1,50.7,239,18.64820847,30.9,17.4,18.1,68.1,90.6,-0.75062485943177,2.2
E02006784,Lewisham 038,30.2,47.1,319,19.98060136,24.8,17.5,19.6,41.3,108.4,-0.7726610705167324,2.2
E02006785,Bexley 029,27.3,40.3,289,16.79586563,15.5,6.6,18.3,38.7,85.7,-1.556657499345212,1.6
E02006786,Greenwich 033,22.1,46.8,268,18.28571429,22.0,17.7,14.7,54.2,107.5,-1.924274613509452,2.9
E02006787,Bromley 041,16.7,29.6,501,13.65313653,7.9,5.9,13.1,54.7,77.8,-0.7486043645478883,0.5
E02006788,Croydon 045,21.3,39.5,294,17.84860558,25.6,13.4,14.9,29,79.5,-1.215232933362349,1.8
E02006789,Bromley 042,21.1,36.5,542,15.07607192,12.6,3.5,15.8,41.3,84.5,-1.54409104918933,0.1
E02006791,Ealing 040,10.2,43.4,897,11.88118812,13.1,19.8,11.2,49.9,118.9,-1.603176420755409,2.3
E02006792,Hounslow 029,9.2,45.2,1093,13.69127517,12.9,20.4,12.4,31.9,73.9,-1.172796514795066,2.4
E02006793,Enfield 037,30.6,59.7,274,20.46543463,28.0,31.8,16.4,33.4,111.4,-1.62142977178679,12.1
E02006794,Haringey 037,30.1,58.7,231,23.10374891,29.2,38.1,16.9,24.8,123.6,-1.18516977358035,12.5
E02006795,Harrow 032,14.4,38.7,386,15.77540107,8.8,14.4,13.9,35.1,86.6,-1.877847252295827,5.3
E02006796,Hillingdon 033,19.6,39.6,489,13.06191688,11.4,12.0,13.6,65.3,99.7,-1.359916413879548,2.2
E02006798,Lewisham 039,18.9,47.7,365,18.01896733,31.8,35.6,13.7,40.5,116.9,-1.205603552786013,6.3
E02006799,Barking and Dagenham 023,30.1,50.2,348,19.3174501,22.1,16.9,18.0,38.3,108.4,-1.452294424923128,3.3
E02006800,Redbridge 034,18.1,52.7,569,24.10171365,16.6,22.3,14.3,33.3,86.5,-1.843414023745914,7.1
E02006801,Lambeth 036,13.0,44.9,1057,15.02683363,22.4,25.8,12.3,39.6,117.1,-1.004945325261351,2.4
E02006802,Southwark 034,14.1,41.4,654,15.7807309,27.6,31.5,14.2,141.7,196.4,-0.4879002541714607,3.0
E02006836,Sutton 025,12.8,25.7,755,15.1,2.8,5.0,13.0,69.4,70.6,-1.263790599713547,0.9
E02006853,Tower Hamlets 032,14.6,58.9,1044,21.9895288,28.8,42.4,9.7,25.1,68.4,-1.879073660046539,5.0
E02006854,Tower Hamlets 033,7.9,58.6,1503,23.60248447,21.6,37.9,6.8,33.9,47.5,-1.919697842488904,3.7
E02006882,Harrow 033,18.5,27.9,737,16.71606402,7.9,14.4,14.4,28.9,94.9,-2.171107978466087,7.0
E02006918,Hackney 028,21.0,51.2,349,25.39130435,29.0,38.7,15.0,49.9,108.6,-1.501888680940866,7.6
E02006921,Hackney 029,31.1,52.4,230,29.65217391,22.0,30.6,14.9,30,146.1,-1.559166923305399,9.5
E02006924,Redbridge 035,17.6,46.8,630,22.14377407,12.6,18.4,15.5,25.4,73.5,-1.847781995562244,5.4
E02006925,Redbridge 036,17.0,40.8,743,22.04724409,6.7,9.8,14.9,27.8,73.1,-2.022833145965987,4.6
E02006927,Greenwich 034,21.2,51.2,564,20.2965709,17.0,10.7,16.8,34.3,81.9,-1.216242103485687,2.3
E02006928,Greenwich 035,11.4,50.4,674,14.09147095,31.4,29.5,9.2,33,80.0,-1.543349041913059,3.3
E02006929,Greenwich 036,16.9,53.1,741,16.32183908,25.2,27.0,14.3,24.1,96.0,-1.549147882135106,2.6
E02006930,Greenwich 037,12.9,46.6,727,13.62940276,17.4,16.9,11.3,34.2,82.6,-1.733224811561225,1.8
E02006931,Greenwich 038,14.0,41.1,1170,16.9792695,18.0,18.6,12.7,51.5,85.2,-1.439169446070853,1.5
