Code,Msoa_name,education_no qualifications,lone_parent_unemployed,work_49hr_more,families_with_3plus_kids,limiting_long-term_illness_disability,samhi_index.2011,population_cannot_speak_english
E02000001,City of London 001,6.7,24.2,1817,8.816705336,11.5,-1.813009486950949,1.4
E02000002,Barking and Dagenham 001,32.3,56.0,203,19.0521327,20.4,-1.346894583465078,2.4
E02000003,Barking and Dagenham 002,22.8,48.8,497,19.14285714,15.9,-1.86795815839451,2.7
E02000004,Barking and Dagenham 003,30.1,42.2,300,17.66917293,18.3,-1.691722201482364,0.8
E02000005,Barking and Dagenham 004,28.9,52.3,362,19.67334818,16.8,-1.650570807817104,2.6
E02000007,Barking and Dagenham 006,32.1,57.3,307,20.82459818,18.0,-1.164483165598033,2.1
E02000008,Barking and Dagenham 007,32.3,54.9,429,17.10945802,19.2,-1.002613508554923,2.6
E02000009,Barking and Dagenham 008,29.1,51.0,342,17.25431358,17.3,-1.382882788783789,3.6
E02000010,Barking and Dagenham 009,31.1,61.7,311,19.33662668,17.0,-1.667014983947767,2.3
E02000011,Barking and Dagenham 010,28.6,48.3,254,18.99313501,15.9,-1.830646571949165,2.6
E02000012,Barking and Dagenham 011,22.8,45.7,418,24.06456346,14.2,-2.239487896086431,5.2
E02000013,Barking and Dagenham 012,31.2,52.6,332,22.8978979,17.1,-1.44960836201357,2.6
E02000014,Barking and Dagenham 013,32.8,57.8,368,19.2722372,18.0,-1.649921982713232,2.6
E02000015,Barking and Dagenham 014,30.5,56.4,274,19.7865353,17.2,-1.526072355033292,2.3
E02000016,Barking and Dagenham 015,15.0,55.2,295,19.83673469,8.7,-2.262692117505135,6.8
E02000017,Barking and Dagenham 016,20.0,47.7,350,22.55707763,14.3,-2.154457478154359,8.5
E02000018,Barking and Dagenham 017,30.1,57.3,298,19.71544715,16.5,-1.678722290055919,3.4
E02000019,Barking and Dagenham 018,28.8,54.0,298,20.86700955,15.9,-2.175007978234269,2.6
E02000020,Barking and Dagenham 019,27.1,50.6,349,23.06049822,16.8,-1.932343916091845,5.3
E02000021,Barking and Dagenham 020,28.1,50.8,312,23.3278956,16.7,-1.861495126713281,3.5
E02000022,Barking and Dagenham 021,24.9,59.2,264,24.20856611,12.8,-2.242628188351885,6.2
E02000023,Barking and Dagenham 022,24.9,59.7,220,24.03169014,14.6,-2.229184500769036,3.8
E02000024,Barnet 001,12.4,29.2,924,14.21838178,14.5,-1.342137009951518,1.5
E02000025,Barnet 002,15.8,47.1,619,11.67664671,15.7,-1.560894242252584,1.4
E02000026,Barnet 003,15.6,28.7,474,13.93341554,14.7,-1.683781199911312,1.7
E02000027,Barnet 004,22.6,47.4,498,18.62318841,17.1,-1.082707440286849,2.4
E02000028,Barnet 005,13.5,55.4,506,13.95646607,12.9,-1.559873777968382,2.5
E02000029,Barnet 006,16.7,47.5,558,13.4439834,13.9,-1.456155146836693,2.0
E02000030,Barnet 007,17.8,45.6,798,17.51509922,15.1,-1.317720562041525,1.4
E02000031,Barnet 008,14.5,47.1,642,14.81481481,15.6,-0.9475575421384578,3.2
E02000032,Barnet 009,16.3,30.6,546,13.73307544,14.0,-2.041845885435796,2.8
E02000033,Barnet 010,18.5,48.9,504,15.25862069,16.1,-1.336338486036896,3.2
E02000034,Barnet 011,15.5,42.2,643,13.14636284,14.4,-1.290278138921864,3.0
E02000035,Barnet 012,14.2,47.3,677,12.93478261,15.7,-0.8225253189240801,3.8
E02000036,Barnet 013,17.6,42.7,650,19.73333333,14.4,-1.514595552846598,3.4
E02000037,Barnet 014,17.2,44.6,679,26.85325265,14.2,-1.725785875279106,2.7
E02000038,Barnet 015,15.4,46.1,817,15.54054054,14.7,-1.108419693100457,3.9
E02000039,Barnet 016,11.3,36.4,638,18.23085221,12.6,-1.398686534650424,2.3
E02000040,Barnet 017,17.5,49.6,503,22.63759086,14.8,-1.2367737436157,3.7
E02000041,Barnet 018,18.2,43.0,545,25.15611062,14.8,-1.853357777755926,4.9
E02000042,Barnet 019,14.9,43.2,807,13.36593317,15.4,-0.9485321818583063,5.6
E02000043,Barnet 020,10.4,32.4,696,14.59510358,11.2,-1.601790749640879,4.6
E02000044,Barnet 021,21.0,47.5,475,18.12191104,15.0,-1.486399874338737,4.5
E02000045,Barnet 022,16.7,48.7,677,13.23430115,14.1,-1.46945320318791,3.7
E02000046,Barnet 023,11.1,43.2,659,11.8556701,12.1,-1.612385768555202,4.9
E02000047,Barnet 024,24.2,48.9,515,20.72127139,15.9,-1.205395228724889,7.4
E02000048,Barnet 025,12.4,47.8,854,18.51568477,12.3,-1.494803537626168,3.6
E02000049,Barnet 026,21.4,47.4,254,26.6146203,15.2,-1.454341275733813,5.7
E02000050,Barnet 027,16.4,47.4,760,17.16475096,15.1,-1.497724456869944,4.6
E02000051,Barnet 028,12.9,40.8,717,22.04301075,14.2,-1.925210101652192,3.8
E02000052,Barnet 029,11.7,46.8,953,13.83075523,12.9,-1.424450411687009,2.9
E02000053,Barnet 030,15.5,51.5,501,17.45235707,11.4,-1.806712053795386,7.4
E02000054,Barnet 031,11.8,47.2,560,18.33333333,12.1,-1.701866713989712,5.5
E02000055,Barnet 032,14.0,37.9,824,23.22193659,13.2,-1.210479557583672,4.9
E02000056,Barnet 033,9.0,41.4,1057,26.13240418,11.1,-1.682917087200302,1.7
E02000057,Barnet 034,13.7,39.2,510,35.9462486,11.7,-1.779234929142146,4.6
E02000058,Barnet 035,9.6,44.1,956,25.25083612,11.3,-1.855320228514568,2.6
E02000059,Barnet 036,19.9,45.9,571,18.0620155,15.4,-1.412995205839356,8.0
E02000060,Barnet 037,14.7,54.5,686,47.58394758,12.7,-1.814745603511345,3.6
E02000061,Barnet 038,9.3,39.8,849,21.15621156,11.9,-1.697131447768044,3.6
E02000062,Barnet 039,21.1,54.1,335,21.97149644,14.3,-1.647759227273266,7.5
E02000063,Barnet 040,16.7,53.8,447,22.78911565,14.0,-1.107242812825876,8.0
E02000064,Barnet 041,16.6,54.7,478,18.15754339,15.1,-1.668190354804443,5.1
E02000065,Bexley 001,17.6,44.5,312,22.79469165,10.3,-1.721945113453746,2.4
E02000066,Bexley 002,24.9,47.8,404,20.9902371,15.8,-1.702072225724234,3.7
E02000067,Bexley 003,23.6,45.1,455,17.1969697,15.4,-1.94690402307412,2.5
E02000068,Bexley 004,22.5,56.2,383,19.25087108,14.1,-1.88368274968767,2.2
E02000069,Bexley 005,25.0,45.1,327,19.76744186,18.7,-1.639790586767968,1.7
E02000070,Bexley 006,23.9,30.9,440,16.08606557,17.7,-1.84094674595578,1.1
E02000071,Bexley 007,23.6,41.1,424,17.10654936,15.7,-1.638068726900018,1.3
E02000072,Bexley 008,28.3,56.1,488,20.36474164,16.1,-1.616307797295464,1.1
E02000073,Bexley 009,21.9,30.1,575,17.18972896,15.1,-1.65821170428196,1.1
E02000074,Bexley 010,30.2,50.8,348,16.63516068,19.4,-1.031429815365884,0.9
E02000075,Bexley 011,22.8,37.9,482,12.06521739,16.8,-1.64952980820997,0.6
E02000077,Bexley 013,24.9,28.0,413,16.95736434,15.8,-1.539571808584754,1.2
E02000078,Bexley 014,19.3,34.4,442,13.71134021,14.0,-1.542617555794136,0.6
E02000079,Bexley 015,21.1,30.3,506,14.16490486,17.7,-1.039148255590377,1.0
E02000080,Bexley 016,24.1,38.6,517,14.48911223,15.7,-1.66581303261634,1.6
E02000081,Bexley 017,25.5,37.2,416,15.07592191,18.6,-1.151231653852595,0.6
E02000082,Bexley 018,21.2,21.9,551,12.5,13.7,-1.748083395909552,0.9
E02000083,Bexley 019,24.0,41.7,530,19.08339594,16.3,-1.386090164948453,0.8
E02000084,Bexley 020,19.8,29.6,769,13.46749226,14.6,-1.516495790511083,0.7
E02000085,Bexley 021,23.8,27.3,460,13.41911765,13.9,-1.882818010048945,0.7
E02000086,Bexley 022,19.4,25.6,517,12.47401247,12.7,-1.910016979812219,0.4
E02000087,Bexley 023,18.0,35.2,584,16.95906433,15.8,-2.185666948509343,0.4
E02000088,Bexley 024,20.4,27.5,475,15.28795812,14.6,-1.898608952819191,0.4
E02000089,Bexley 025,20.8,26.5,454,13.26530612,16.2,-1.426105163980559,0.2
E02000090,Bexley 026,21.5,39.8,563,10.99020675,18.2,-0.6201935092005024,0.5
E02000091,Bexley 027,21.2,39.3,628,14.13953488,17.8,-1.020367826134696,0.7
E02000092,Bexley 028,28.5,52.7,334,18.34451902,20.0,-1.399930074288253,1.0
E02000093,Brent 001,21.7,51.8,586,18.48484848,14.8,-1.911179348871228,9.4
E02000094,Brent 002,19.9,44.0,512,21.9876869,13.9,-1.99890093302137,7.9
E02000095,Brent 003,21.1,47.2,522,18.21396994,16.2,-1.945907634871609,8.6
E02000096,Brent 004,15.3,32.1,567,14.65201465,14.8,-2.092863477436377,5.4
E02000097,Brent 005,20.9,43.2,448,23.31233123,14.8,-2.150710163461716,8.4
E02000098,Brent 006,17.0,38.3,474,21.20253165,14.5,-1.573438818759938,7.0
E02000099,Brent 007,16.8,41.5,485,20.63628547,12.7,-2.225028224746544,8.1
E02000100,Brent 008,11.5,28.9,564,18.91891892,12.3,-2.273763749063725,4.1
E02000101,Brent 009,20.2,46.1,445,20.78025478,16.1,-1.681362472399829,7.7
E02000102,Brent 010,25.7,49.8,322,31.98458574,14.9,-1.839343249558446,11.0
E02000103,Brent 011,22.3,46.8,443,25.51020408,15.6,-1.898960506076898,6.9
E02000104,Brent 012,18.3,40.8,369,19.31216931,17.1,-1.609547475433447,8.3
E02000105,Brent 013,17.2,40.7,412,18.11352254,12.9,-1.976888105771125,8.6
E02000106,Brent 014,22.7,55.3,464,24.62462462,13.6,-1.787460329255921,10.6
E02000107,Brent 015,15.9,46.1,841,17.46724891,12.8,-1.681480133053646,6.4
E02000108,Brent 016,17.9,45.1,306,20.97560976,14.5,-2.081696265908417,9.1
E02000109,Brent 017,18.9,44.4,457,23.69584439,14.7,-1.834535236495536,8.3
E02000110,Brent 018,15.1,45.1,629,20.50970874,13.7,-1.741770915461545,5.6
E02000111,Brent 019,20.0,43.8,412,17.72575251,15.4,-1.973811335927794,11.1
E02000112,Brent 020,20.3,41.2,473,17.99610895,14.8,-1.996904963746197,11.2
E02000113,Brent 021,26.3,51.9,271,28.13536828,16.6,-1.47594320628117,8.1
E02000114,Brent 022,15.3,45.3,710,19.18976546,12.1,-1.614008434429667,6.9
E02000115,Brent 023,12.9,41.5,874,16.13333333,14.9,-1.061061823096432,4.5
E02000116,Brent 024,21.8,45.2,383,18.61313869,14.2,-1.124162747944417,9.4
E02000117,Brent 025,25.3,46.4,360,24.93043962,16.3,-1.598953577317158,9.1
E02000118,Brent 026,22.7,45.3,388,17.44855967,14.7,-2.276141658714632,13.8
E02000119,Brent 027,25.4,47.2,229,28.71467639,16.4,-1.380373059261718,6.8
E02000120,Brent 028,13.0,45.8,1041,14.00233372,12.7,-0.9872767827521798,3.5
E02000121,Brent 029,21.6,52.2,384,14.79400749,14.3,-2.235222999103471,14.6
E02000122,Brent 030,16.0,38.1,704,21.19914347,14.1,-1.604802559635995,3.8
E02000123,Brent 031,22.5,49.0,709,19.94177584,14.0,-1.638227599709052,10.0
E02000124,Brent 032,12.3,41.2,1195,15.85040071,11.2,-1.355315871528741,3.4
E02000125,Brent 033,17.6,42.9,879,15.09881423,13.1,-1.461877700747451,5.3
E02000126,Brent 034,22.4,47.9,359,25.0,17.2,-0.510729084521327,5.1
E02000127,Bromley 001,27.8,53.2,463,15.24590164,19.5,-0.6153279828391975,1.0
E02000128,Bromley 002,18.1,38.8,586,11.08786611,14.3,-1.297588699232356,0.5
E02000130,Bromley 004,14.8,34.7,573,16.35094716,13.7,-1.155791203745545,1.7
E02000131,Bromley 005,13.3,45.4,649,13.24324324,12.8,-1.062193773968238,1.9
E02000132,Bromley 006,14.1,49.8,814,9.213759214,14.6,-1.19497230227976,1.1
E02000133,Bromley 007,11.7,34.3,1146,13.88646288,14.5,-1.526045903837023,0.3
E02000134,Bromley 008,15.0,41.7,908,9.42408377,14.7,-1.199232610843395,1.1
E02000135,Bromley 009,22.7,49.0,435,15.44217687,17.6,-0.68499917390091,2.5
E02000136,Bromley 010,23.8,55.6,391,17.27272727,19.8,-0.979956786636994,0.8
E02000137,Bromley 011,13.0,39.2,657,13.47926267,14.4,-1.016835003286732,0.8
E02000138,Bromley 012,11.6,28.4,781,11.27717391,14.5,-1.190466098496255,0.7
E02000139,Bromley 013,14.0,36.1,598,11.06427819,12.3,-1.129950938890853,0.9
E02000140,Bromley 014,32.1,53.8,346,21.40522876,19.4,-0.568632624578394,1.1
E02000141,Bromley 015,16.7,38.1,449,14.36170213,13.3,-1.030254434551997,1.3
E02000142,Bromley 016,14.8,36.9,721,15.55959964,13.8,-1.183621863237469,0.7
E02000144,Bromley 018,10.5,31.5,782,11.48587056,11.5,-1.232251864608098,0.9
E02000145,Bromley 019,30.4,55.7,366,19.41594317,17.3,-0.999635301907672,1.1
E02000146,Bromley 020,16.6,19.4,582,11.88380282,14.7,-1.559349628335252,0.4
E02000147,Bromley 021,11.6,26.1,654,19.52965235,13.0,-1.263387655817306,0.4
E02000148,Bromley 022,15.2,29.2,530,14.1509434,13.8,-1.540144299361144,0.4
E02000149,Bromley 023,25.4,47.5,445,14.24581006,17.0,-0.9261494318629846,0.8
E02000150,Bromley 024,17.4,30.1,599,15.67291312,13.5,-1.118471024752815,0.6
E02000151,Bromley 025,15.5,25.9,631,11.02863203,13.9,-1.70849135481815,0.4
E02000152,Bromley 026,25.7,51.5,348,18.73684211,18.1,-1.155901400927387,0.9
E02000153,Bromley 027,15.5,19.9,544,15.43498597,11.8,-1.209683715244938,0.2
E02000154,Bromley 028,16.7,39.9,616,14.59183673,14.4,-1.033859986827026,0.7
E02000155,Bromley 029,27.1,26.0,384,15.83220568,19.5,-0.9054364157298056,0.5
E02000156,Bromley 030,15.8,21.7,843,15.0390625,14.8,-1.274440998364466,0.4
E02000157,Bromley 031,14.9,22.9,499,15.47131148,15.2,-1.275043431469778,0.4
E02000158,Bromley 032,22.1,55.5,396,22.04806688,17.2,-1.055698602111345,0.7
E02000159,Bromley 033,16.6,33.3,585,17.01346389,14.2,-1.429202949101486,0.2
E02000160,Bromley 034,16.1,25.3,642,16.60039761,13.8,-1.006929714145325,0.4
E02000161,Bromley 035,16.2,23.8,571,14.49407475,13.5,-1.310968843889674,0.3
E02000162,Bromley 036,23.4,32.2,428,13.60381862,17.4,-1.155036835702455,0.4
E02000163,Bromley 037,16.8,25.9,631,15.23394995,14.0,-1.32463711229433,0.2
E02000165,Bromley 039,17.4,24.7,528,15.82417582,11.6,-1.462594541232355,0.1
E02000166,Camden 001,13.2,49.4,758,16.18303571,16.7,-0.7888554747782861,1.6
E02000167,Camden 002,5.5,31.9,1431,15.71753986,10.5,-1.431979930759696,1.0
E02000168,Camden 003,12.4,47.7,871,15.27777778,14.9,-0.7569446126047732,1.8
E02000169,Camden 004,6.7,38.4,1178,20.75919336,9.8,-1.400587600396053,1.3
E02000170,Camden 005,7.6,37.3,1124,12.03369434,11.0,-1.603427927660396,2.0
E02000171,Camden 006,10.1,53.3,1048,16.37831603,13.7,-1.034728463843772,1.7
E02000172,Camden 007,22.3,60.8,633,20.94370861,19.8,-0.6383509320556334,4.4
E02000173,Camden 008,6.0,44.0,1433,15.09433962,10.8,-1.463236449791211,1.7
E02000174,Camden 009,14.5,50.8,821,17.34693878,15.3,-0.7412699525218505,3.3
E02000175,Camden 010,8.6,48.1,1423,13.18537859,11.8,-1.334187471818906,2.3
E02000176,Camden 011,5.4,31.9,1304,11.28205128,9.8,-1.380709040064888,1.4
E02000177,Camden 012,19.1,59.3,814,22.13279678,18.5,-0.7716675494839528,3.9
E02000178,Camden 013,14.4,50.9,1033,18.08118081,16.9,-0.8660487436052475,3.6
E02000179,Camden 014,11.6,58.7,852,18.90166028,12.3,-1.189551710503621,2.8
E02000180,Camden 015,13.4,45.9,715,20.52631579,14.0,-0.8411955886966388,3.7
E02000181,Camden 016,6.5,59.0,1432,11.25356125,10.2,-1.501304795615892,1.4
E02000182,Camden 017,11.9,59.5,901,19.33774834,13.5,-1.416134941387602,4.2
E02000183,Camden 018,11.4,53.3,1254,19.37984496,14.4,-1.105401508887819,1.7
E02000184,Camden 019,17.3,54.4,558,21.67755991,16.5,-0.7782351512517416,4.6
E02000185,Camden 020,18.6,57.6,641,21.74381055,18.9,-0.8588811539088995,4.5
E02000186,Camden 021,12.6,51.6,809,16.95906433,14.8,-0.7681672383273236,3.7
E02000187,Camden 022,25.4,58.3,338,26.54508612,19.7,-0.630738610856838,7.2
E02000188,Camden 023,20.0,46.3,332,27.10059172,16.4,-0.6366764184505984,6.6
E02000189,Camden 024,15.4,42.2,337,40.98073555,13.9,-0.9208745692621998,6.5
E02000190,Camden 025,11.8,36.9,489,25.88726514,15.5,-1.550286299908912,3.9
E02000191,Camden 026,5.8,28.7,710,26.4084507,9.6,-1.816633725862309,2.9
E02000192,Camden 027,16.0,58.3,871,22.09302326,16.8,-1.140272317738452,4.6
E02000193,Camden 028,8.3,45.5,1001,14.16893733,13.7,-1.112917592275564,2.4
E02000194,Croydon 001,13.5,38.2,577,13.60136869,13.5,-1.33633775964314,2.0
E02000195,Croydon 002,15.5,39.3,594,16.83501684,13.7,-1.695066953192029,2.9
E02000196,Croydon 003,18.8,40.8,405,20.98501071,15.6,-1.555915766387478,5.1
E02000197,Croydon 004,16.4,48.6,444,19.88906498,14.6,-1.703254149436983,5.5
E02000198,Croydon 005,19.7,42.9,338,18.57585139,13.7,-1.605413196717264,3.1
E02000199,Croydon 006,16.0,35.6,368,18.62891207,12.3,-1.776501955728562,2.7
E02000200,Croydon 007,16.3,48.0,450,13.61665221,14.6,-0.8094309932627529,2.0
E02000201,Croydon 008,17.7,44.6,361,14.1329259,15.2,-1.039204153845635,2.4
E02000202,Croydon 009,17.5,37.5,369,19.79166667,14.0,-1.571936375126068,5.0
E02000203,Croydon 010,19.1,41.5,342,17.52096925,15.1,-0.7550286875343719,4.1
E02000204,Croydon 011,17.2,43.3,386,22.59541985,14.3,-1.708889776569646,4.8
E02000206,Croydon 013,19.2,43.3,333,17.7704918,15.4,-1.267207405337498,3.2
E02000207,Croydon 014,18.6,45.9,389,19.13875598,14.8,-1.242735066284644,1.9
E02000208,Croydon 015,19.6,49.9,362,15.2173913,14.8,-0.9061266454747182,5.0
E02000209,Croydon 016,18.4,44.5,319,20.08639309,12.9,-1.988228528081418,5.6
E02000210,Croydon 017,16.3,36.1,420,14.57990115,12.1,-1.45782342501108,2.0
E02000211,Croydon 018,18.4,27.1,525,12.8600823,15.1,-1.752388684892366,1.0
E02000212,Croydon 019,21.0,46.4,293,18.77256318,12.8,-1.418678399831693,5.8
E02000213,Croydon 020,17.9,54.7,372,14.45864156,15.9,-1.426575511175401,4.8
E02000214,Croydon 021,15.1,30.7,407,15.72164948,14.3,-1.572597826230384,1.5
E02000215,Croydon 022,15.0,52.9,690,10.56845476,14.9,-1.577075611087929,3.3
E02000216,Croydon 023,11.9,44.3,501,10.83437111,15.9,-1.571245566186181,2.3
E02000217,Croydon 024,16.4,51.5,565,13.17280453,12.9,-1.691996007874677,3.0
E02000218,Croydon 025,19.5,48.9,257,20.77067669,14.1,-1.624788691185207,2.3
E02000219,Croydon 026,16.7,29.6,555,14.47212337,16.5,-1.869744551275304,1.1
E02000220,Croydon 027,13.3,37.8,703,8.21799308,14.6,-0.9802988723952228,3.1
E02000221,Croydon 028,21.2,48.3,469,18.21835231,16.4,-1.194520920507015,3.1
E02000222,Croydon 029,12.1,40.1,597,11.21593291,12.7,-1.464062678162794,1.5
E02000223,Croydon 030,33.4,53.3,226,24.98418722,16.5,-1.388480968624894,1.6
E02000224,Croydon 031,12.2,45.8,589,12.01550388,12.0,-1.467341995892165,1.5
E02000225,Croydon 032,33.3,50.0,305,24.83598875,17.6,-1.456988384078832,0.9
E02000226,Croydon 033,14.1,29.8,552,10.79545455,14.1,-1.710187178507422,0.9
E02000227,Croydon 034,18.5,35.6,677,14.15157612,14.7,-1.418385860503648,0.8
E02000228,Croydon 035,11.2,35.4,655,15.48022599,14.0,-1.547978894167939,0.8
E02000229,Croydon 036,37.7,52.2,211,22.4852071,20.4,-1.36910331582227,1.3
E02000230,Croydon 037,13.0,41.3,744,14.42542787,15.4,-1.106831456810792,1.3
E02000231,Croydon 038,12.7,38.1,756,16.20171674,14.7,-1.284768110477818,1.2
E02000232,Croydon 039,20.0,37.5,389,14.98079385,16.0,-1.447324849856372,0.8
E02000233,Croydon 040,15.8,40.6,396,14.61988304,14.5,-1.158616042575495,1.0
E02000234,Croydon 041,15.5,35.9,556,15.47729379,14.1,-1.263779887072468,0.9
E02000235,Croydon 042,14.2,40.7,560,13.63163371,12.8,-1.29951391770042,0.5
E02000236,Croydon 043,15.1,31.4,545,16.22678397,12.2,-1.559536760313,0.4
E02000237,Croydon 044,20.5,35.4,455,13.10043668,17.8,-0.935686977673249,0.5
E02000238,Ealing 001,18.9,45.3,525,17.65612953,13.0,-2.008421515778459,8.4
E02000239,Ealing 002,14.7,33.1,507,18.44380403,12.3,-1.921064095602174,8.6
E02000240,Ealing 003,23.4,52.7,454,19.1886671,15.3,-1.467327829006608,5.9
E02000241,Ealing 004,17.6,43.3,325,15.38461538,12.0,-1.714705673149866,6.6
E02000242,Ealing 005,17.8,45.6,358,20.14218009,13.5,-1.915817759037746,10.1
E02000243,Ealing 006,18.6,42.1,451,15.625,15.0,-1.391462183365136,8.2
E02000244,Ealing 007,16.1,41.0,510,17.62785637,12.6,-1.663041899757153,8.7
E02000245,Ealing 008,25.4,61.1,317,19.15384615,16.7,-1.044170695194034,6.4
E02000246,Ealing 009,25.9,48.9,333,25.0,15.6,-1.335982191824543,5.8
E02000247,Ealing 010,22.0,54.9,479,18.80286272,15.7,-1.145626876163028,6.6
E02000248,Ealing 011,11.2,55.5,571,15.88785047,12.3,-1.894119448629001,8.5
E02000249,Ealing 012,20.8,44.9,393,19.83556012,15.3,-1.490313896531749,8.3
E02000250,Ealing 013,6.9,24.8,650,13.64705882,11.8,-1.726019042451239,2.2
E02000251,Ealing 014,18.4,48.8,339,20.92793682,13.9,-1.717104094122802,8.8
E02000252,Ealing 015,16.3,53.6,627,18.51520572,13.7,-1.405607880438176,6.5
E02000253,Ealing 016,23.3,47.9,451,18.57651246,18.9,-1.133315799593389,7.1
E02000254,Ealing 017,20.5,49.6,341,20.856102,15.6,-1.620727422621319,10.3
E02000255,Ealing 018,12.5,50.8,702,19.31364725,13.3,-1.581928527261333,4.5
E02000256,Ealing 019,7.3,40.0,957,14.46808511,11.8,-1.292919289357943,3.6
E02000257,Ealing 020,7.6,45.2,1463,15.1372549,11.7,-1.281556276506215,5.4
E02000258,Ealing 021,13.0,52.1,526,19.13580247,12.1,-1.299825834287235,7.9
E02000259,Ealing 022,13.0,39.4,463,16.05504587,11.7,-1.518765845957157,5.2
E02000260,Ealing 023,21.7,52.4,320,21.65354331,17.6,-1.80202331350269,13.0
E02000261,Ealing 024,14.8,53.6,779,25.51781276,13.6,-1.502051280352741,6.5
E02000262,Ealing 025,14.8,42.0,720,18.75616979,14.6,-0.7443355978590124,6.1
E02000263,Ealing 026,24.1,55.6,346,23.07157748,17.3,-1.635524250416141,16.0
E02000264,Ealing 027,8.9,49.6,859,18.99371069,12.1,-1.27788038603023,5.0
E02000265,Ealing 028,14.7,50.0,843,15.41984733,14.1,-0.7556826119846521,4.9
E02000266,Ealing 029,24.0,55.0,399,27.32240437,19.4,-1.209058178056853,9.0
E02000267,Ealing 030,13.7,35.5,515,12.21621622,12.3,-1.51512372598971,5.4
E02000268,Ealing 031,12.9,48.6,940,14.88095238,13.3,-1.205253413409862,3.7
E02000269,Ealing 032,8.0,36.0,834,15.11017838,10.6,-1.203412603238739,3.0
E02000270,Ealing 033,19.7,57.8,441,24.66793169,16.2,-1.070162203113219,7.9
E02000271,Ealing 034,7.8,41.0,965,12.85189718,9.0,-1.666804963318008,2.0
E02000272,Ealing 035,11.3,33.0,561,13.52657005,12.2,-1.410297479277836,2.8
E02000274,Ealing 037,23.2,60.5,458,24.96924969,15.3,-2.117880240086542,14.9
E02000275,Ealing 038,22.8,60.5,287,19.11057692,18.9,-1.397219800032533,12.9
E02000276,Ealing 039,9.0,36.2,617,11.54345006,10.0,-1.178742583684943,2.8
E02000277,Enfield 001,27.7,58.1,319,17.02755906,15.7,-1.508707765813147,5.0
E02000278,Enfield 002,32.4,62.0,282,23.27402135,17.9,-1.397160422248146,6.6
E02000279,Enfield 003,24.8,61.0,519,21.11702128,13.7,-1.295124728104471,6.2
E02000280,Enfield 004,21.5,50.8,520,15.32599492,15.9,-1.177608426260488,2.2
E02000281,Enfield 005,23.3,58.7,439,14.6539028,15.9,-1.103855219520039,3.9
E02000282,Enfield 006,32.4,63.9,296,20.8281054,16.1,-1.810523084197405,8.7
E02000283,Enfield 007,28.3,56.5,325,25.75406032,14.9,-2.04750055156422,5.5
E02000284,Enfield 008,18.1,46.4,540,12.37209302,15.0,-1.173310445061591,1.5
E02000285,Enfield 009,17.9,38.6,402,15.14124294,14.1,-1.415791457171992,1.7
E02000286,Enfield 010,17.4,35.7,645,9.7799511,16.5,-1.011220301605675,1.3
E02000287,Enfield 011,17.8,45.7,614,15.72739187,15.4,-1.73123118126035,2.4
E02000288,Enfield 012,27.7,57.5,390,22.21514959,16.0,-1.386203186331439,7.6
E02000289,Enfield 013,17.8,37.1,408,14.4057623,15.2,-1.411960137563038,1.7
E02000290,Enfield 014,29.7,57.0,236,17.11851278,15.0,-1.579830668919156,8.8
E02000291,Enfield 015,21.3,54.8,541,14.03212172,15.9,-1.583969166397726,3.8
E02000292,Enfield 016,22.0,47.1,458,15.89928058,13.9,-1.741565892707593,3.7
E02000293,Enfield 017,15.8,41.2,565,16.40826873,14.2,-1.495391077452086,1.3
E02000294,Enfield 018,27.8,56.3,256,25.25814138,16.0,-1.367768883477938,7.5
E02000295,Enfield 019,17.0,41.6,600,14.06945681,15.2,-1.438613491935345,3.2
E02000296,Enfield 020,19.0,51.5,618,14.19529837,16.0,-2.054137365553822,4.7
E02000297,Enfield 021,19.0,34.4,630,14.75256769,14.8,-1.620952684884896,2.8
E02000298,Enfield 022,14.3,28.0,760,16.77083333,12.8,-1.367777144162606,2.0
E02000299,Enfield 023,28.6,50.9,310,23.9546421,15.8,-1.237873969299454,8.6
E02000300,Enfield 024,24.8,55.1,254,22.41238794,14.4,-1.739549499526035,8.1
E02000301,Enfield 025,29.6,52.9,288,20.8358209,16.2,-1.329382063807165,9.6
E02000302,Enfield 026,22.7,38.7,493,17.72853186,16.4,-1.609644481062785,4.8
E02000303,Enfield 027,31.3,59.3,269,24.37357631,18.2,-1.866994952789893,8.7
E02000304,Enfield 028,13.7,30.8,715,14.32958035,13.9,-1.920422262574367,2.6
E02000305,Enfield 029,15.4,34.2,683,11.6097561,13.6,-1.479367276686595,4.7
E02000306,Enfield 030,31.7,58.2,213,23.43647136,16.9,-1.546674799224485,10.1
E02000307,Enfield 031,25.6,53.5,381,20.54317549,14.7,-2.190523218036456,8.8
E02000308,Enfield 032,17.8,54.5,466,15.78947368,15.7,-1.373929231927226,5.9
E02000309,Enfield 033,27.1,54.3,300,21.83976261,14.3,-1.76257594284463,10.1
E02000311,Enfield 035,22.6,46.7,477,17.10825132,16.2,-1.72377134675906,8.3
E02000312,Enfield 036,14.4,39.1,735,10.9947644,13.8,-1.631984360264285,6.2
E02000313,Greenwich 001,23.5,49.5,275,24.4140625,14.1,-1.692940923189957,3.0
E02000314,Greenwich 002,16.2,50.1,575,21.26410835,10.6,-1.756059772694968,3.2
E02000315,Greenwich 003,27.9,53.6,328,24.75862069,16.8,-1.411330500860122,2.2
E02000316,Greenwich 004,16.1,49.2,954,17.21854305,12.2,-1.354975215663141,3.8
E02000317,Greenwich 005,25.3,55.8,270,21.95488722,16.5,-1.274544018459475,4.9
E02000318,Greenwich 006,21.4,47.9,408,21.98049512,14.0,-1.81155477501716,6.8
E02000319,Greenwich 007,18.8,46.7,518,18.27309237,13.0,-1.651564626706791,5.2
E02000320,Greenwich 008,21.8,47.3,299,17.95121951,15.3,-1.812003491675798,2.4
E02000321,Greenwich 009,25.4,52.2,324,19.25287356,16.9,-1.581568403195729,4.9
E02000323,Greenwich 011,22.8,47.4,460,22.0952381,14.3,-1.545295104004134,6.5
E02000324,Greenwich 012,25.5,51.7,353,22.2,19.4,-1.040335065962641,3.6
E02000326,Greenwich 014,16.0,51.6,539,14.82254697,13.5,-1.205506109018828,2.9
E02000327,Greenwich 015,20.1,53.6,568,26.46775746,13.1,-1.342103244366957,4.5
E02000328,Greenwich 016,14.7,41.4,743,14.05184175,16.0,-1.272025710828802,1.2
E02000329,Greenwich 017,23.5,39.6,298,16.87344913,17.0,-1.775668969827914,2.0
E02000331,Greenwich 019,22.9,52.1,487,18.04435484,16.9,-1.138056245505081,2.5
E02000332,Greenwich 020,16.0,42.4,480,16.5961945,14.1,-1.522033466940668,1.6
E02000333,Greenwich 021,9.4,45.7,865,14.03508772,13.2,-1.147643459860485,0.9
E02000334,Greenwich 022,24.6,43.0,417,17.81818182,17.8,-1.0673397015266,2.8
E02000335,Greenwich 023,21.3,33.8,477,13.50059737,15.3,-2.083450263094483,0.9
E02000337,Greenwich 025,31.3,46.2,360,18.03738318,19.8,-1.529618173742412,1.7
E02000339,Greenwich 027,18.5,44.0,459,15.27777778,17.4,-1.84396467077993,1.0
E02000340,Greenwich 028,21.2,44.9,441,14.63414634,17.7,-1.490946666362126,1.0
E02000341,Greenwich 029,31.5,53.3,368,20.53333333,20.2,-1.24742962674195,2.0
E02000342,Greenwich 030,21.7,52.4,305,16.80672269,15.0,-1.527880960203862,1.6
E02000343,Greenwich 031,27.4,47.2,359,17.25394897,20.1,-1.074779106481976,1.3
E02000344,Greenwich 032,23.3,32.7,445,13.11688312,16.0,-1.269635308584132,1.4
E02000345,Hackney 001,32.0,45.8,262,44.85106383,10.1,-1.871439763234969,9.9
E02000346,Hackney 002,27.6,55.3,221,20.72409488,20.2,-0.9960456949766532,11.4
E02000347,Hackney 003,28.6,51.5,302,38.53028798,13.0,-1.945548874221776,8.4
E02000348,Hackney 004,31.1,51.3,236,35.60477002,14.1,-1.750098602678385,10.2
E02000350,Hackney 006,16.6,40.6,678,24.18111753,11.7,-1.732889619688456,6.7
E02000351,Hackney 007,11.2,53.3,941,17.42209632,11.5,-1.004475533160275,4.8
E02000352,Hackney 008,18.9,44.5,522,24.6737841,15.9,-0.9768441758176438,4.6
E02000353,Hackney 009,12.4,42.2,795,14.38848921,11.9,-1.314483736534173,3.7
E02000354,Hackney 010,21.0,55.5,507,21.29471891,17.1,-1.534758878376182,7.0
E02000355,Hackney 011,17.5,47.3,562,20.42410714,15.6,-1.338867986061376,6.0
E02000356,Hackney 012,11.8,38.9,707,14.38935913,12.0,-1.154798912803909,4.1
E02000357,Hackney 013,27.6,53.5,192,26.28968254,18.6,-1.318706144040769,7.3
E02000358,Hackney 014,17.0,54.5,888,15.73994867,14.7,-1.069486699802115,6.0
E02000359,Hackney 015,19.7,54.5,427,25.0,14.8,-1.309741937399618,5.4
E02000360,Hackney 016,20.6,51.0,657,20.02635046,15.6,-1.373993096674894,6.5
E02000361,Hackney 017,16.1,51.1,597,17.47815231,13.5,-1.431436868761924,5.0
E02000362,Hackney 018,22.3,57.0,380,25.0,18.2,-1.090969542898315,4.0
E02000363,Hackney 019,26.2,57.2,416,22.39170226,16.3,-1.358651126333232,7.2
E02000364,Hackney 020,14.5,47.1,921,16.468039,13.8,-1.482447557288567,3.7
E02000365,Hackney 021,14.6,53.0,1480,16.93171188,13.7,-1.383073274819237,4.2
E02000366,Hackney 022,22.6,52.6,589,21.1026616,16.8,-1.210187011087023,4.5
E02000367,Hackney 023,12.9,48.3,977,17.32495512,11.7,-1.197739990410294,3.3
E02000368,Hackney 024,22.8,58.4,625,22.46998285,17.8,-1.232884449440561,6.4
E02000369,Hackney 025,19.6,56.4,1027,18.08590806,15.4,-1.20345583061189,5.8
E02000370,Hackney 026,20.6,53.2,801,17.20542231,15.2,-1.23688760199346,5.5
E02000371,Hackney 027,11.9,48.9,1754,18.05128205,10.7,-1.285667293569346,3.4
E02000372,Hammersmith and Fulham 0,23.0,54.0,497,24.23112768,15.4,-1.387628726740511,4.2
E02000373,Hammersmith and Fulham 0,25.7,55.4,261,24.0776699,16.4,-1.50488134479921,6.3
E02000374,Hammersmith and Fulham 0,17.6,53.8,587,21.14882507,15.3,-1.444504208973056,3.5
E02000375,Hammersmith and Fulham 0,15.1,52.3,729,17.6217765,15.0,-0.9165866894816044,3.5
E02000376,Hammersmith and Fulham 0,13.3,46.1,737,12.77258567,13.3,-0.4583796241070041,2.9
E02000377,Hammersmith and Fulham 0,14.4,47.8,748,16.44815256,13.7,-1.024941873783201,3.1
E02000378,Hammersmith and Fulham 0,9.4,46.9,948,16.36363636,11.7,-1.175507499116673,2.4
E02000379,Hammersmith and Fulham 0,11.0,50.0,780,19.20374707,13.6,-1.467393347737545,2.7
E02000380,Hammersmith and Fulham 0,10.5,46.6,825,14.89698891,11.4,-1.247018366843198,1.8
E02000381,Hammersmith and Fulham 0,9.5,42.0,1236,16.94711538,10.8,-0.9339833890866984,2.0
E02000382,Hammersmith and Fulham 0,9.9,54.5,694,16.47058824,12.4,-0.8892334066494625,2.5
E02000383,Hammersmith and Fulham 0,9.1,41.9,1206,15.2758133,11.9,-1.618574801241781,2.5
E02000384,Hammersmith and Fulham 0,17.4,51.0,666,20.25677603,17.3,-0.6277013358680447,3.2
E02000385,Hammersmith and Fulham 0,6.7,47.7,1083,8.547008547,8.5,-1.75378037960133,1.8
E02000386,Hammersmith and Fulham 0,17.1,49.2,753,19.27846674,15.4,-1.275217981169352,3.6
E02000387,Hammersmith and Fulham 0,14.0,51.9,684,13.30998249,13.5,-1.23065013633969,3.0
E02000388,Hammersmith and Fulham 0,12.8,47.4,1291,14.13043478,12.6,-1.259317365449638,1.9
E02000389,Hammersmith and Fulham 0,10.7,35.9,1088,15.18661519,10.9,-1.542087406226119,1.7
E02000390,Hammersmith and Fulham 0,12.5,48.0,935,16.80261011,12.4,-1.153849080993255,2.5
E02000391,Hammersmith and Fulham 0,10.9,55.8,1353,20.0,11.3,-1.412824542532061,1.2
E02000392,Hammersmith and Fulham 0,9.9,54.1,1715,18.62269641,10.1,-1.452636332884797,2.1
E02000393,Hammersmith and Fulham 0,8.0,48.7,1185,14.2599278,9.0,-1.817445078581682,1.5
E02000394,Hammersmith and Fulham 0,12.4,44.3,1103,13.62048894,11.8,-1.409644921260108,1.9
E02000395,Hammersmith and Fulham 0,6.3,48.6,1119,21.42857143,9.2,-1.921753314044848,0.9
E02000396,Hammersmith and Fulham 0,11.7,52.9,974,19.6801968,10.2,-1.462430420616031,2.1
E02000397,Haringey 001,17.0,46.0,525,12.7388535,13.7,-1.460914435155944,8.2
E02000398,Haringey 002,28.2,57.4,188,23.80090498,16.4,-1.560865521981814,10.7
E02000400,Haringey 004,16.4,46.5,468,18.60019175,14.1,-1.502388058429058,5.1
E02000401,Haringey 005,30.5,51.5,214,24.6728972,17.4,-1.80493435784845,9.1
E02000402,Haringey 006,29.5,54.0,203,23.58402971,17.3,-1.438512819479305,10.1
E02000403,Haringey 007,16.6,50.2,469,14.82444733,14.1,-1.071581250616157,8.9
E02000404,Haringey 008,23.5,59.1,296,25.0,15.9,-1.687918356222872,10.0
E02000405,Haringey 009,7.7,39.6,655,18.11111111,10.6,-1.618905283467213,1.4
E02000406,Haringey 010,21.0,58.2,319,18.54304636,16.7,-1.626248139818727,9.3
E02000407,Haringey 011,24.6,47.0,300,16.32841328,16.4,-1.281562994135101,10.5
E02000408,Haringey 012,26.9,50.1,181,20.31114952,15.3,-1.727024906495654,11.8
E02000409,Haringey 013,27.0,49.2,269,20.30401737,17.2,-1.327448892013667,10.5
E02000410,Haringey 014,7.2,26.0,730,17.47815231,10.9,-1.478726841044842,1.2
E02000411,Haringey 015,22.5,49.5,243,22.04568024,14.1,-1.517146299362911,10.2
E02000412,Haringey 016,20.5,49.9,330,14.44174757,17.2,-1.070455694637198,9.4
E02000413,Haringey 017,10.0,36.5,702,20.43314501,11.5,-1.576636078714907,1.8
E02000414,Haringey 018,20.5,45.0,367,20.27600849,13.8,-1.620099250880324,9.6
E02000415,Haringey 019,21.2,51.9,395,19.91465149,15.3,-1.49436127041876,10.3
E02000416,Haringey 020,16.1,52.2,635,17.09786277,16.3,-1.16140707261014,4.2
E02000417,Haringey 021,7.7,31.3,789,14.62140992,10.6,-1.112455191566952,1.0
E02000418,Haringey 022,9.7,37.3,609,13.45609065,11.4,-1.419208486065188,1.4
E02000419,Haringey 023,15.6,48.6,616,15.24163569,12.8,-1.390842394001402,8.5
E02000420,Haringey 024,22.8,47.2,348,19.95708155,16.3,-1.229022659857547,11.8
E02000421,Haringey 025,22.6,51.6,292,18.5492228,16.5,-1.137372469958369,10.8
E02000422,Haringey 026,23.0,44.7,362,22.6640159,16.1,-1.494322069253408,10.1
E02000423,Haringey 027,17.7,44.9,427,17.56097561,14.5,-1.712667359315136,9.5
E02000424,Haringey 028,10.5,40.1,644,12.47139588,11.6,-1.216562952554382,2.5
E02000425,Haringey 029,28.8,49.1,193,48.72611465,11.3,-1.408575259836452,11.1
E02000426,Haringey 030,9.3,42.7,882,15.53133515,12.8,-1.17935734003184,1.6
E02000427,Haringey 031,12.6,46.8,560,11.49253731,12.0,-1.511421575069651,6.3
E02000428,Haringey 032,23.0,55.0,323,21.19565217,16.3,-1.538928353374082,10.8
E02000429,Haringey 033,6.0,23.6,899,12.00527704,9.7,-1.587619189536184,1.1
E02000430,Haringey 034,7.3,30.1,950,15.22346369,9.0,-1.406446168505991,1.5
E02000431,Haringey 035,4.4,35.8,1032,11.66936791,7.8,-1.581178627980369,1.1
E02000432,Haringey 036,10.4,46.6,645,16.32,12.4,-1.459814480371212,2.8
E02000433,Harrow 001,20.2,41.9,661,14.625,20.2,-1.58855623182694,3.1
E02000434,Harrow 002,16.5,47.2,619,18.87905605,16.0,-1.772117729852868,3.8
E02000435,Harrow 003,19.5,53.8,507,20.13129103,18.8,-1.486895342350279,3.5
E02000436,Harrow 004,13.7,25.0,507,13.74622356,14.7,-1.249765237018678,2.3
E02000437,Harrow 005,18.1,40.3,484,18.47313855,16.2,-1.27518175995347,3.9
E02000438,Harrow 006,19.6,47.1,535,17.07779886,17.3,-1.245081164598422,3.4
E02000439,Harrow 007,22.1,50.3,442,18.04733728,14.2,-1.514090626408229,8.2
E02000440,Harrow 008,15.1,30.7,611,18.11023622,12.6,-1.828976089599425,4.6
E02000441,Harrow 009,17.2,43.4,458,15.49636804,17.2,-1.595665945528031,3.2
E02000442,Harrow 010,21.9,41.3,396,20.58570198,12.7,-1.943615890471505,9.7
E02000443,Harrow 011,21.3,45.8,447,23.50659426,15.1,-1.247891181226648,7.4
E02000444,Harrow 012,19.5,43.6,428,17.74332472,13.4,-2.017957271757286,7.1
E02000445,Harrow 013,18.8,49.9,421,17.15893108,14.4,-1.556654078078495,7.3
E02000447,Harrow 015,14.1,48.1,469,16.24203822,14.7,-1.616534882489875,3.7
E02000448,Harrow 016,10.5,37.6,612,14.49275362,13.9,-1.778021915745901,1.5
E02000449,Harrow 017,24.5,45.5,404,16.90962099,16.2,-1.9464208719298,10.8
E02000451,Harrow 019,12.3,28.4,439,14.0567201,13.6,-1.752708528755895,2.8
E02000452,Harrow 020,12.6,44.4,527,12.88032454,12.1,-0.985966082338922,5.0
E02000453,Harrow 021,12.6,42.1,506,16.93711968,13.1,-1.758641555465212,5.0
E02000454,Harrow 022,11.3,30.4,548,14.74103586,11.6,-1.703996159667785,1.6
E02000455,Harrow 023,11.9,48.0,550,12.04690832,13.8,-1.532896445383006,4.1
E02000456,Harrow 024,13.2,46.5,436,15.70512821,14.3,-1.104052978800798,3.9
E02000457,Harrow 025,12.8,31.2,378,18.53233831,13.8,-1.779070257660669,3.7
E02000459,Harrow 027,16.4,46.6,414,17.44966443,14.7,-1.53056406654607,6.4
E02000460,Harrow 028,19.1,47.0,228,19.92031873,15.4,-1.504746007204656,6.1
E02000461,Harrow 029,10.3,43.4,720,10.18766756,10.6,-1.7207169035826,2.5
E02000462,Harrow 030,18.0,41.8,310,18.97727273,14.3,-1.468156933628349,7.3
E02000463,Harrow 031,19.0,47.9,385,21.31280389,14.5,-1.244411111418124,6.0
E02000464,Havering 001,37.0,52.0,290,22.7771011,21.9,-1.216351227092384,0.5
E02000465,Havering 002,32.5,54.7,370,19.98175182,19.1,-1.557041094917804,0.6
E02000466,Havering 003,30.6,49.3,427,17.76785714,18.0,-0.9245310256557056,0.5
E02000467,Havering 004,35.0,55.3,390,20.14234875,20.7,-0.9493476378782632,0.9
E02000468,Havering 005,30.4,47.0,419,17.5204918,18.1,-0.9423694423752456,0.6
E02000469,Havering 006,33.7,46.9,284,19.14153132,21.6,-0.8064230248431119,1.3
E02000470,Havering 007,24.5,34.3,515,11.86046512,18.0,-2.112396322999413,0.4
E02000471,Havering 008,26.5,35.5,443,15.14778325,16.5,-1.623502604750243,0.4
E02000472,Havering 009,25.9,35.0,483,14.05975395,16.7,-1.311787448582915,0.5
E02000473,Havering 010,23.1,34.7,642,14.77462437,15.1,-2.546108975544157,0.4
E02000474,Havering 011,28.7,50.6,428,15.34246575,17.2,-1.505129783825113,0.6
E02000475,Havering 012,19.3,47.7,766,12.73584906,14.8,-1.94104869259428,0.5
E02000476,Havering 013,22.6,55.9,590,12.85855589,16.5,-1.829468263065892,1.6
E02000477,Havering 014,20.7,29.9,677,15.20737327,15.0,-2.232275011890648,0.5
E02000478,Havering 015,23.0,24.1,544,18.4991274,16.0,-2.219421179761209,0.9
E02000479,Havering 016,21.9,40.1,490,12.20703125,15.2,-1.905888030363851,1.6
E02000480,Havering 017,25.1,43.8,520,15.1026393,15.2,-2.151222343016869,1.5
E02000481,Havering 018,27.1,29.2,447,11.51776103,19.7,-1.548436790832976,0.4
E02000482,Havering 019,17.3,41.1,507,16.11111111,16.2,-1.780739714846495,0.3
E02000483,Havering 020,26.8,35.4,471,11.83162685,19.1,-2.083739920536905,0.6
E02000484,Havering 021,24.1,31.5,557,12.79296875,15.9,-1.599122467436344,0.6
E02000485,Havering 022,22.6,33.6,522,13.27885598,16.4,-1.939011650768301,0.5
E02000486,Havering 023,25.8,34.3,415,15.59405941,17.1,-1.900876815484129,0.7
E02000487,Havering 024,17.2,21.5,632,14.67268623,15.0,-1.870668614619297,0.2
E02000488,Havering 025,24.9,32.4,411,12.20379147,16.2,-1.966937980659638,0.5
E02000489,Havering 026,27.3,46.4,374,17.25571726,18.3,-1.844278917276778,0.9
E02000490,Havering 027,33.1,38.9,357,16.77148847,18.8,-1.997562223468897,0.6
E02000491,Havering 028,32.1,51.6,435,19.82832618,18.3,-1.877360310632735,1.0
E02000492,Havering 029,31.6,32.5,353,14.80406386,17.7,-2.419533469282275,0.4
E02000493,Havering 030,27.8,51.7,308,16.21621622,15.3,-2.00908185880986,1.2
E02000494,Hillingdon 001,13.1,39.5,669,13.22115385,14.5,-1.364448870697483,1.3
E02000495,Hillingdon 002,15.9,41.6,731,10.65502183,15.8,-1.12578479951722,2.0
E02000496,Hillingdon 003,23.8,40.1,524,14.07982262,17.6,-1.30036489305992,0.7
E02000497,Hillingdon 004,16.7,34.4,599,14.18439716,15.1,-1.268233755412944,1.3
E02000498,Hillingdon 005,18.9,29.4,417,14.49864499,15.5,-1.256379176833004,0.5
E02000499,Hillingdon 006,14.4,26.0,500,16.06382979,14.0,-1.368089930860797,1.2
E02000500,Hillingdon 007,13.3,35.0,635,16.29802095,14.1,-1.051066380639927,1.1
E02000501,Hillingdon 008,16.6,32.8,513,12.63636364,13.8,-1.098277376539719,0.8
E02000502,Hillingdon 009,16.6,31.7,533,14.98993964,14.0,-1.089660757868023,1.3
E02000503,Hillingdon 010,15.7,30.3,669,12.48937978,11.5,-1.368291883032904,1.1
E02000504,Hillingdon 011,14.8,19.4,530,15.00547645,14.4,-1.545451122512984,0.7
E02000506,Hillingdon 013,15.0,36.7,617,15.78313253,14.9,-1.315861842047621,1.1
E02000507,Hillingdon 014,16.9,38.5,434,16.70973299,12.9,-1.547139874284578,1.5
E02000508,Hillingdon 015,12.4,35.6,523,11.95372751,12.2,-0.89497637818977,2.2
E02000509,Hillingdon 016,11.7,48.2,443,14.66030989,10.9,-0.8833572064882622,2.6
E02000510,Hillingdon 017,18.7,40.6,514,16.58856607,15.1,-1.244058416662112,2.0
E02000511,Hillingdon 018,20.8,42.2,422,17.73818745,14.5,-1.128199578829228,3.2
E02000512,Hillingdon 019,24.3,48.6,379,18.70503597,16.4,-0.927223995886957,2.9
E02000513,Hillingdon 020,24.3,55.6,359,20.82191781,13.4,-1.097329105568389,5.3
E02000514,Hillingdon 021,21.1,49.8,393,22.10909091,14.7,-1.490707194305209,7.3
E02000515,Hillingdon 022,20.8,45.6,591,14.68584406,14.4,-0.7868031122608601,2.7
E02000516,Hillingdon 023,17.7,45.3,365,18.38810642,12.7,-1.233448246953971,6.0
E02000517,Hillingdon 024,25.9,48.4,332,21.73584906,16.1,-0.8321618909884595,5.8
E02000518,Hillingdon 025,26.9,50.7,383,19.9663016,16.9,-0.800655958860794,2.4
E02000519,Hillingdon 026,25.4,58.0,358,23.75102375,16.6,-1.319815819736317,6.5
E02000520,Hillingdon 027,23.4,53.7,487,21.76913425,14.4,-1.626182734771237,6.9
E02000521,Hillingdon 028,24.6,49.6,488,22.36929186,14.4,-1.071694857056564,3.9
E02000522,Hillingdon 029,22.8,50.4,480,18.00643087,15.3,-0.7710387899390893,3.0
E02000523,Hillingdon 030,19.7,48.1,367,22.64833575,12.9,-1.769106857735813,7.2
E02000524,Hillingdon 031,21.6,52.5,505,16.18037135,13.7,0.0605608350210017,3.7
E02000525,Hillingdon 032,20.2,50.1,384,17.5257732,12.6,-1.659571414645779,6.2
E02000526,Hounslow 001,7.6,41.3,1264,16.96035242,9.4,-1.782282171075436,1.4
E02000528,Hounslow 003,19.8,53.2,769,16.11940299,15.9,-1.30994625244188,4.1
E02000529,Hounslow 004,18.0,52.3,355,17.31418919,14.9,-1.607415219954808,8.4
E02000530,Hounslow 005,25.8,59.6,227,22.49269718,16.2,-1.885276906505416,8.5
E02000531,Hounslow 006,15.5,41.3,829,11.9544592,13.0,-1.381974727432805,2.6
E02000532,Hounslow 007,11.4,43.7,1175,16.71018277,12.1,-1.584552451667484,1.5
E02000533,Hounslow 008,9.6,40.5,1090,11.93016489,12.0,-1.790069817680841,1.5
E02000534,Hounslow 009,11.3,44.4,626,14.82233503,11.3,-1.967681148437624,3.5
E02000535,Hounslow 010,16.8,50.8,390,20.48085485,14.9,-2.234821639533334,7.5
E02000536,Hounslow 011,16.2,49.5,438,18.27411168,14.8,-1.818271528955993,7.2
E02000537,Hounslow 012,10.5,33.9,480,12.58603736,12.3,-2.034634354616311,6.2
E02000538,Hounslow 013,18.3,50.7,388,20.5908684,14.6,-2.30515723422516,9.0
E02000539,Hounslow 014,15.9,45.8,771,17.82518926,13.3,-1.783677927669826,3.1
E02000540,Hounslow 015,14.3,45.2,553,12.83185841,13.8,-1.796023465215516,5.2
E02000541,Hounslow 016,19.6,52.2,370,17.33944954,17.2,-2.134644789282583,8.3
E02000542,Hounslow 017,17.1,54.0,368,15.82014988,15.2,-2.006339456747342,7.3
E02000543,Hounslow 018,12.3,43.7,617,12.22432262,10.6,-2.353221950221468,6.5
E02000544,Hounslow 019,17.1,32.2,465,16.10087294,13.6,-1.66321647201265,5.1
E02000545,Hounslow 020,20.3,54.1,587,18.721038,15.2,-1.353830985345272,3.9
E02000546,Hounslow 021,16.3,57.8,391,20.04405286,13.0,-2.116093437150736,7.0
E02000547,Hounslow 022,24.7,48.6,466,14.89686784,15.6,-1.680736959102738,4.2
E02000548,Hounslow 023,25.0,49.6,526,19.3338749,16.0,-1.446454644314667,3.4
E02000549,Hounslow 024,24.8,43.2,603,16.53872994,15.7,-1.244748479358532,3.9
E02000550,Hounslow 025,22.0,49.3,478,17.76315789,11.7,-1.814261394024976,3.0
E02000551,Hounslow 026,26.6,53.8,376,20.63492063,16.0,-1.19583780006159,4.4
E02000552,Hounslow 027,19.6,46.6,498,14.08566722,11.3,-1.810909300548488,2.5
E02000553,Hounslow 028,24.5,47.4,382,16.83277962,14.3,-1.888683573860957,2.6
E02000554,Islington 001,19.3,56.9,543,15.39108495,18.8,-0.3703123696741102,4.2
E02000555,Islington 002,17.0,57.6,789,17.89375582,15.8,-0.4522554809351689,3.2
E02000556,Islington 003,15.6,49.4,790,14.25837321,16.2,-0.7364426992187456,4.0
E02000557,Islington 004,18.8,54.5,644,14.11764706,18.9,-0.4326623001243391,3.2
E02000558,Islington 005,27.5,57.9,453,22.91491154,20.4,-0.7809128061952212,7.6
E02000559,Islington 006,11.4,51.0,1197,16.02787456,11.6,-1.197062666274481,2.7
E02000560,Islington 007,14.6,51.8,683,17.35074627,13.8,-0.9356483550074216,4.6
E02000561,Islington 008,10.4,47.7,854,15.82278481,12.2,-0.8569005559839955,1.8
E02000562,Islington 009,16.9,51.5,865,19.95438997,16.5,-0.7601263155646947,3.3
E02000563,Islington 010,21.8,57.1,545,21.50289017,19.0,-0.3617025791105814,4.1
E02000564,Islington 011,13.7,54.8,1245,15.20086862,13.1,-0.9198520318805344,3.1
E02000565,Islington 012,18.9,60.8,727,19.57186544,16.3,-0.8468584039012639,4.7
E02000566,Islington 013,11.6,47.2,1310,15.80246914,12.3,-1.181478354190481,2.5
E02000567,Islington 014,16.8,61.2,1413,14.31226766,15.4,-0.5821988943765456,2.8
E02000568,Islington 015,23.9,60.7,537,21.60427807,19.7,-0.6092143765651067,4.2
E02000569,Islington 016,19.0,57.6,1230,15.43985637,17.2,-0.6571247909576097,2.9
E02000570,Islington 017,9.8,47.2,1550,15.66878981,11.0,-0.9300124736293972,1.1
E02000571,Islington 018,22.1,63.4,939,15.02293578,18.9,-0.6462120387518362,3.1
E02000572,Islington 019,25.3,56.6,512,19.91786448,18.4,-0.7266553775267663,5.4
E02000573,Islington 020,11.8,52.6,1801,14.84149856,13.0,-1.093333791810014,1.5
E02000574,Islington 021,14.8,59.6,1178,15.4340836,14.6,-0.8265382776310615,2.2
E02000575,Islington 022,12.8,57.5,2000,14.64585834,12.1,-0.4626265158046199,2.3
E02000576,Islington 023,19.7,57.8,1095,19.10229645,15.5,-1.001133918688886,2.9
E02000577,Kensington and Chelsea 0,24.9,57.0,432,19.48331539,21.2,-0.4718513321796629,5.5
E02000578,Kensington and Chelsea 0,26.0,54.9,320,19.11949686,22.1,-0.1779795583544333,3.8
E02000579,Kensington and Chelsea 0,15.5,52.4,1002,17.83181358,16.4,-0.82004941094783,2.7
E02000580,Kensington and Chelsea 0,14.2,50.1,1232,13.32518337,16.7,-0.9005824047926568,2.8
E02000581,Kensington and Chelsea 0,24.9,57.3,500,20.15418502,22.0,-0.4520284638099766,4.0
E02000582,Kensington and Chelsea 0,6.2,49.6,1697,17.85150079,9.9,-1.696158343587795,1.6
E02000583,Kensington and Chelsea 0,7.5,44.4,1558,19.7875166,9.3,-1.381075297110216,1.2
E02000584,Kensington and Chelsea 0,4.5,49.4,1876,15.93830334,8.4,-1.772242026065202,1.7
E02000585,Kensington and Chelsea 0,7.2,65.3,1380,19.19642857,10.1,-1.434476476004948,2.4
E02000586,Kensington and Chelsea 0,4.1,42.3,1712,17.09286676,6.4,-1.786379781365024,1.7
E02000587,Kensington and Chelsea 0,5.5,54.7,1541,19.37669377,8.6,-1.69361698826039,2.3
E02000588,Kensington and Chelsea 0,5.0,40.8,2094,16.98717949,6.7,-2.131110678867012,1.6
E02000589,Kensington and Chelsea 0,5.3,47.3,1804,15.44342508,9.0,-1.723124722188729,3.1
E02000590,Kensington and Chelsea 0,12.4,53.8,1200,15.57788945,14.3,-1.678516282027397,2.6
E02000591,Kensington and Chelsea 0,9.6,43.8,1088,16.66666667,14.8,-1.405028366318813,4.0
E02000592,Kensington and Chelsea 0,3.6,44.4,1780,17.75862069,6.1,-1.805421572462766,1.2
E02000593,Kensington and Chelsea 0,6.2,46.4,1711,16.77018634,10.8,-1.382126494733465,1.7
E02000594,Kensington and Chelsea 0,9.0,49.5,1577,16.4644714,12.4,-1.449388190185346,1.1
E02000595,Kensington and Chelsea 0,7.1,49.5,1545,16.7721519,11.3,-1.441080767715658,1.8
E02000596,Kensington and Chelsea 0,4.8,42.3,1687,17.10730949,8.0,-1.335933123006757,1.2
E02000597,Kensington and Chelsea 0,16.6,54.9,812,18.13403417,18.1,-0.9989321506024342,3.5
E02000598,Kingston upon Thames 001,10.7,27.7,737,14.8020654,10.5,-1.877674624760277,1.0
E02000599,Kingston upon Thames 002,10.0,41.5,711,19.64497041,11.4,-1.747419031006852,2.4
E02000600,Kingston upon Thames 003,9.4,46.2,658,15.91796875,10.4,-1.502014402260323,2.5
E02000601,Kingston upon Thames 004,9.3,36.9,1026,12.44019139,9.6,-1.78380814898474,1.4
E02000602,Kingston upon Thames 005,15.2,54.3,625,13.22393822,13.9,-1.726009134296529,2.9
E02000603,Kingston upon Thames 006,18.7,44.8,450,18.58325667,13.9,-1.433300563789524,4.1
E02000604,Kingston upon Thames 007,12.4,35.8,640,14.39588689,11.6,-1.620972827062721,5.5
E02000605,Kingston upon Thames 008,14.8,30.7,608,15.15151515,14.1,-1.5239471075322,3.9
E02000606,Kingston upon Thames 009,6.7,42.3,1070,8.95334174,9.5,-1.631081668741816,1.6
E02000607,Kingston upon Thames 010,8.8,33.3,515,14.72972973,10.1,-1.6454284711029,1.5
E02000608,Kingston upon Thames 011,7.4,40.2,717,7.518796992,10.6,-1.335360059215635,1.5
E02000609,Kingston upon Thames 012,16.7,43.7,485,17.67151767,15.3,-1.543211144164216,4.2
E02000610,Kingston upon Thames 013,11.6,43.3,768,10.3021978,14.9,-1.293255117218294,1.8
E02000611,Kingston upon Thames 014,13.5,25.4,534,16.72203765,13.2,-1.708455847487706,1.5
E02000612,Kingston upon Thames 015,15.0,26.5,560,13.94871795,13.5,-1.664629725463452,2.4
E02000613,Kingston upon Thames 016,14.3,40.6,653,10.5620155,13.3,-1.435473581713248,1.6
E02000614,Kingston upon Thames 017,18.4,33.8,446,14.63620981,13.1,-1.650883683665279,3.4
E02000615,Kingston upon Thames 018,19.5,32.5,485,15.88114754,14.4,-2.117143314338156,1.8
E02000616,Kingston upon Thames 019,19.0,30.9,396,13.81909548,11.8,-2.143805754810498,1.1
E02000617,Kingston upon Thames 020,21.1,43.7,530,15.10966694,14.6,-1.643087427934026,1.5
E02000619,Lambeth 002,20.2,49.2,694,18.77777778,16.0,-0.6821580507930559,3.8
E02000620,Lambeth 003,13.9,45.0,1069,16.52173913,12.4,-1.344270000942823,3.4
E02000621,Lambeth 004,11.9,52.8,1261,18.85245902,12.7,-0.7498280508965854,3.9
E02000622,Lambeth 005,12.9,47.4,808,18.09651475,12.2,-1.581494281605478,3.7
E02000623,Lambeth 006,19.1,48.3,643,16.2055336,14.3,-1.444429955518497,5.9
E02000624,Lambeth 007,15.2,44.3,708,17.21132898,14.5,-1.500536051339552,4.0
E02000625,Lambeth 008,19.1,50.3,582,20.68965517,13.5,-1.231838816555843,6.9
E02000626,Lambeth 009,20.3,52.1,431,20.34739454,14.4,-1.537209725564527,4.9
E02000627,Lambeth 010,13.3,49.8,979,16.42411642,12.1,-1.409912581458105,4.2
E02000628,Lambeth 011,20.8,51.0,541,23.37349398,14.6,-1.388197576630774,7.7
E02000629,Lambeth 012,10.4,47.3,1425,16.83673469,10.2,-1.521585066648606,2.1
E02000630,Lambeth 013,9.1,48.2,1238,18.37060703,10.8,-1.682232118178004,1.8
E02000631,Lambeth 014,11.9,43.2,824,16.12284069,12.0,-1.409610503487886,2.9
E02000632,Lambeth 015,8.2,49.8,1470,16.0,9.0,-1.649344909697079,1.9
E02000633,Lambeth 016,14.9,50.8,721,18.61702128,14.1,-1.481284174200006,3.6
E02000634,Lambeth 017,14.6,55.9,779,20.03154574,14.1,-1.332906369162386,2.6
E02000635,Lambeth 018,11.8,44.6,899,16.03498542,11.9,-1.537117266720126,2.3
E02000636,Lambeth 019,6.1,51.5,1522,19.66145833,7.8,-1.743796549415721,1.4
E02000637,Lambeth 020,10.1,47.3,924,13.87137453,10.9,-1.517567814481751,2.2
E02000638,Lambeth 021,16.5,42.4,746,15.78014184,13.5,-1.507832722160826,3.6
E02000639,Lambeth 022,17.3,50.7,456,18.85175664,13.8,-1.525632934538077,5.8
E02000640,Lambeth 023,10.8,45.5,1164,15.24201854,11.3,-1.617162443643826,1.7
E02000641,Lambeth 024,19.4,48.8,401,20.49364248,15.4,-1.357248628904055,4.4
E02000642,Lambeth 025,13.7,47.3,735,16.31372549,13.3,-1.576002648168251,2.4
E02000643,Lambeth 026,13.0,42.8,849,16.08961303,12.1,-1.757205489431888,4.1
E02000644,Lambeth 027,12.8,38.3,681,13.45646438,11.9,-1.512927550425744,3.6
E02000645,Lambeth 028,12.1,42.7,811,14.37648928,11.3,-1.733361835078437,3.1
E02000646,Lambeth 029,12.3,42.1,908,14.46188341,12.3,-1.250335830228892,4.3
E02000647,Lambeth 030,14.1,44.1,622,16.20658949,13.9,-1.476650540833608,2.7
E02000648,Lambeth 031,23.3,50.9,357,17.77084957,16.6,-1.287697972272754,2.8
E02000649,Lambeth 032,12.6,45.3,945,14.20074349,11.3,-1.489776757183195,5.3
E02000650,Lambeth 033,18.1,46.1,482,16.40776699,14.4,-1.64906753623492,2.3
E02000651,Lambeth 034,15.0,41.5,658,13.58249772,12.8,-1.510737825789082,4.5
E02000652,Lambeth 035,18.4,42.5,351,23.2049948,14.7,-1.666164041776035,7.1
E02000653,Lewisham 001,16.6,49.8,605,20.94474153,12.4,-1.549111651402944,4.0
E02000654,Lewisham 002,21.8,52.1,395,21.32780083,14.5,-1.407814539023471,6.5
E02000655,Lewisham 003,17.0,46.5,485,18.50802644,12.6,-1.392981476207272,4.0
E02000657,Lewisham 005,12.3,40.1,577,15.24861878,11.6,-1.273905025343016,2.9
E02000658,Lewisham 006,14.3,47.0,558,15.46723953,13.6,-1.207943326245899,3.6
E02000659,Lewisham 007,14.3,41.6,766,14.62217861,12.7,-1.015850397619024,3.0
E02000660,Lewisham 008,11.2,39.0,735,12.10340776,11.2,-1.357296627752542,1.9
E02000661,Lewisham 009,11.9,38.0,817,11.55015198,13.0,-1.138275984578852,1.3
E02000662,Lewisham 010,14.5,36.3,534,15.51724138,12.6,-1.433530836822214,3.2
E02000663,Lewisham 011,11.3,36.2,509,14.30429129,12.0,-1.2508132252081,3.5
E02000664,Lewisham 012,17.4,52.4,618,12.36947791,15.5,-0.8150929396539426,4.8
E02000665,Lewisham 013,15.2,39.1,631,12.83095723,13.8,-1.279915259464066,3.0
E02000666,Lewisham 014,14.3,41.0,539,13.81048387,13.3,-1.204526206977384,3.1
E02000667,Lewisham 015,14.8,32.8,450,10.51401869,11.8,-1.351621516544773,2.2
E02000668,Lewisham 016,13.9,41.4,497,12.13808463,13.5,-1.134853641098912,1.9
E02000669,Lewisham 017,14.3,47.2,573,14.04072883,12.9,-1.163162494194733,2.7
E02000670,Lewisham 018,18.9,49.6,276,16.17795753,15.6,-0.984295285769382,3.1
E02000671,Lewisham 019,15.6,43.3,633,12.31481481,14.1,-1.303590518987533,2.0
E02000672,Lewisham 020,17.2,43.6,416,16.54991243,16.0,-0.7481537120492847,3.3
E02000673,Lewisham 021,11.2,37.3,726,17.9090029,11.0,-1.611856142273422,1.8
E02000674,Lewisham 022,17.5,38.6,417,19.29666366,14.8,-1.454048794418897,3.0
E02000675,Lewisham 023,19.3,38.1,538,12.75229358,14.4,-1.125764953893979,2.2
E02000676,Lewisham 024,15.0,46.4,598,13.67521368,13.3,-1.425011717738885,1.7
E02000677,Lewisham 025,17.1,33.3,444,17.07589286,14.2,-0.930849391712948,2.8
E02000678,Lewisham 026,26.4,43.0,265,17.8,16.4,-1.1596479203936,2.2
E02000679,Lewisham 027,17.4,48.3,509,14.61397059,14.7,-1.017847821559529,2.3
E02000680,Lewisham 028,17.1,43.9,424,13.7295082,15.0,-0.5162664678504906,2.8
E02000681,Lewisham 029,25.1,44.0,387,19.96542783,17.8,-0.9704608857965092,2.4
E02000682,Lewisham 030,25.5,46.4,318,19.62025316,17.1,-1.004090820230805,3.2
E02000683,Lewisham 031,26.9,54.2,287,16.52452026,18.7,-0.6675001727607277,2.2
E02000685,Lewisham 033,19.4,44.1,429,14.75095785,16.0,-0.4367987852681996,2.0
E02000686,Lewisham 034,25.8,48.4,232,17.99462847,17.1,-0.882125408312364,2.5
E02000687,Lewisham 035,18.1,36.7,488,13.50826045,15.7,-0.9082200781488808,1.8
E02000689,Merton 001,7.1,44.2,1010,14.61609621,8.6,-1.878350327741846,1.2
E02000690,Merton 002,8.2,49.2,806,20.36753446,12.4,-1.719603941623849,1.4
E02000691,Merton 003,7.6,36.1,972,17.27616646,9.2,-1.829608286139122,1.2
E02000692,Merton 004,6.0,35.7,1254,13.59773371,10.4,-1.395657350247964,1.6
E02000693,Merton 005,10.3,33.3,900,9.635722679,10.1,-1.626993892085092,3.8
E02000694,Merton 006,11.1,38.0,1127,11.41141141,10.2,-1.79575280907799,1.8
E02000695,Merton 007,16.2,39.7,475,18.38006231,14.1,-1.7650559646299,7.7
E02000696,Merton 008,16.5,37.6,525,14.16184971,11.7,-1.617296104842023,7.0
E02000697,Merton 009,6.0,40.9,1124,10.93560146,8.1,-1.771421448512121,1.5
E02000698,Merton 010,7.5,38.0,939,16.50197628,10.9,-1.847147131423017,1.3
E02000699,Merton 011,8.0,25.0,899,13.0787037,9.2,-1.662093702901052,1.3
E02000700,Merton 012,19.3,42.7,466,16.19396157,13.5,-1.651790283248927,5.0
E02000701,Merton 013,20.4,42.0,416,17.6276771,13.7,-1.485879741287503,7.0
E02000702,Merton 014,21.5,39.3,357,16.92982456,14.5,-1.255711497909407,4.9
E02000703,Merton 015,12.1,34.3,699,17.59162304,12.4,-1.307448565502543,2.1
E02000704,Merton 016,14.7,40.1,691,11.30876747,13.4,-1.580057629412432,2.3
E02000705,Merton 017,18.9,30.2,402,20.30965392,14.4,-1.324475281464365,5.1
E02000706,Merton 018,24.0,42.8,351,18.81113619,15.2,-1.178729288989008,5.7
E02000707,Merton 019,22.2,41.6,267,22.70042194,13.6,-1.511837517855357,3.0
E02000708,Merton 020,13.4,39.2,587,13.88638413,12.0,-1.7447763933686,3.4
E02000709,Merton 021,16.6,31.0,546,16.55629139,13.9,-1.148754435329154,2.2
E02000710,Merton 022,24.0,38.3,405,16.71335201,17.8,-1.100226089553385,3.7
E02000711,Merton 023,22.0,45.6,430,17.76971895,15.5,-1.131352990884232,5.2
E02000712,Merton 024,24.1,45.7,448,17.32217573,17.0,-1.025490827760337,3.4
E02000713,Merton 025,21.8,29.9,459,14.3006263,13.8,-1.07425847552873,1.7
E02000714,Newham 001,18.5,47.3,382,21.80312787,12.5,-1.716236514334499,8.6
E02000715,Newham 002,22.9,59.0,187,31.23209169,15.5,-1.963511185452069,10.0
E02000716,Newham 003,21.0,45.9,274,24.18367347,14.2,-1.33931839744864,10.2
E02000717,Newham 004,21.6,53.8,231,27.44014733,14.7,-1.757641505504538,11.7
E02000718,Newham 005,23.6,54.8,143,29.77941176,15.5,-1.86644407497245,9.8
E02000719,Newham 006,17.3,38.7,380,21.9047619,13.1,-1.580725916849394,8.3
E02000720,Newham 007,18.9,42.8,289,25.25366404,13.6,-1.775228888769289,10.0
E02000721,Newham 008,21.3,51.8,307,26.44770959,13.8,-1.636904617065445,12.0
E02000722,Newham 009,16.3,44.8,546,19.18542337,12.6,-1.681355322212243,7.9
E02000723,Newham 010,19.2,50.3,276,27.7866242,14.7,-1.969540105352237,11.9
E02000724,Newham 011,21.5,61.6,263,31.33561644,14.7,-2.08793600298638,11.7
E02000725,Newham 012,14.3,41.6,689,16.8618267,11.9,-1.6360091505713,6.5
E02000726,Newham 013,13.6,46.5,659,18.28316611,11.3,-1.738296429114132,6.3
E02000727,Newham 014,19.4,54.4,213,28.96622313,13.5,-2.178195939703048,11.9
E02000728,Newham 015,18.1,50.3,238,25.57286893,13.8,-2.169963855379623,10.4
E02000729,Newham 016,20.6,45.9,335,23.13953488,14.3,-1.775127785511099,10.1
E02000730,Newham 017,21.1,60.4,274,26.63414634,15.2,-2.157945299330779,12.5
E02000731,Newham 018,18.4,57.5,294,26.22814321,13.4,-2.079626056381133,10.9
E02000732,Newham 019,24.6,61.7,166,28.58508604,15.8,-2.156691157410199,10.5
E02000733,Newham 020,22.1,50.6,434,27.99043062,13.7,-1.577078441551909,7.5
E02000734,Newham 021,21.9,49.3,291,27.13026445,14.3,-1.615208690502922,7.7
E02000735,Newham 022,22.5,61.0,253,26.07329843,14.9,-1.825778103570945,10.6
E02000736,Newham 023,23.6,52.7,223,27.93553338,14.7,-1.775919131275218,8.8
E02000737,Newham 024,22.1,45.2,287,27.6534296,14.7,-1.745840052839564,7.6
E02000738,Newham 025,20.3,51.1,261,29.64254577,12.5,-2.104819675009121,8.7
E02000739,Newham 026,21.5,48.0,290,22.02835333,14.2,-1.114867117308293,8.3
E02000740,Newham 027,22.3,51.6,260,21.99349946,14.6,-1.255658820700109,6.5
E02000741,Newham 028,22.2,50.9,287,24.54394693,13.5,-1.755856195915886,8.1
E02000742,Newham 029,23.8,50.7,259,27.08333333,14.1,-1.619488175048283,7.5
E02000743,Newham 030,27.3,52.0,246,24.45255474,17.0,-1.067616833469255,7.2
E02000744,Newham 031,26.0,49.0,307,21.11959288,14.2,-1.493327078868446,7.5
E02000745,Newham 032,22.1,42.7,412,20.41322314,12.8,-1.506680746807041,8.0
E02000746,Newham 033,19.6,44.3,291,17.34795613,15.0,-1.410435132208716,6.8
E02000747,Newham 034,20.9,52.0,822,24.55985915,13.6,-1.202523434542386,4.4
E02000748,Newham 035,17.4,40.1,335,14.05919662,11.7,-1.683287190454658,8.4
E02000749,Newham 036,28.9,46.5,298,23.72204473,16.4,-0.9567348198021992,5.1
E02000750,Newham 037,14.1,46.7,900,18.96678967,9.1,-1.631624538710028,3.9
E02000751,Redbridge 001,15.0,26.3,1069,16.31445478,14.9,-1.572988418875864,0.8
E02000752,Redbridge 002,31.2,50.5,313,18.47715736,21.8,-1.415008453050125,2.0
E02000753,Redbridge 003,26.4,48.1,317,17.34357849,18.9,-1.73559109532888,2.7
E02000754,Redbridge 004,18.9,47.1,448,14.75595914,14.3,-1.616889911163163,2.1
E02000755,Redbridge 005,21.1,39.1,334,11.75656985,15.2,-1.902710442496268,1.3
E02000756,Redbridge 006,21.2,48.7,802,15.33180778,15.4,-1.651303183052177,2.6
E02000757,Redbridge 007,12.3,39.5,1186,13.13347609,12.1,-1.355010197779983,1.1
E02000758,Redbridge 008,23.1,44.5,293,20.66326531,17.1,-1.666593719183182,3.2
E02000759,Redbridge 009,15.9,39.4,881,15.97908193,12.3,-1.566326059764792,2.8
E02000760,Redbridge 010,23.6,52.6,384,15.97151577,16.8,-1.584868591258292,3.2
E02000762,Redbridge 012,17.2,39.7,336,19.12144703,16.6,-2.030301223369652,3.8
E02000763,Redbridge 013,19.6,42.8,344,20.54108216,15.6,-1.918136766477424,4.1
E02000764,Redbridge 014,14.9,34.8,1229,12.16640502,16.3,-1.060284619810624,1.6
E02000765,Redbridge 015,17.2,42.3,305,19.6239718,15.1,-2.090333015942839,4.8
E02000767,Redbridge 017,19.6,43.1,371,18.77890842,15.5,-1.62774662164609,4.0
E02000768,Redbridge 018,13.8,25.2,556,15.39528433,13.4,-1.381955185054459,1.4
E02000769,Redbridge 019,18.5,49.7,640,19.14311759,13.9,-1.942870881247572,3.4
E02000770,Redbridge 020,17.6,43.7,350,25.94296228,14.2,-1.72593824000086,5.9
E02000772,Redbridge 022,18.3,57.0,363,21.95540309,14.4,-1.847313740222152,6.4
E02000773,Redbridge 023,17.3,50.6,382,23.10418143,12.8,-1.851134070433411,6.0
E02000774,Redbridge 024,18.5,63.7,272,23.64380757,14.3,-1.601408373597289,7.9
E02000776,Redbridge 026,16.2,54.9,312,25.02818489,14.0,-1.773435952963724,6.2
E02000777,Redbridge 027,16.4,35.6,512,15.05944518,16.2,-1.091659052282796,2.1
E02000779,Redbridge 029,16.9,53.2,332,15.4772141,13.7,-1.456637533796329,7.1
E02000780,Redbridge 030,18.6,64.9,502,27.04252269,13.3,-1.196274271291005,8.9
E02000781,Redbridge 031,20.5,42.9,588,26.2605042,14.8,-1.97086081819687,5.9
E02000782,Redbridge 032,19.8,66.0,271,26.55571635,14.4,-1.896486872687645,9.8
E02000783,Redbridge 033,20.5,67.6,217,27.71599658,14.7,-2.09446040409867,8.2
E02000784,Richmond upon Thames 001,9.1,42.1,1463,19.18335901,11.1,-1.472363053629206,0.9
E02000785,Richmond upon Thames 002,5.8,34.0,1370,13.15789474,9.9,-2.219863292866389,0.9
E02000786,Richmond upon Thames 003,9.8,39.1,1546,13.55072464,10.4,-1.600759299855448,0.8
E02000787,Richmond upon Thames 004,11.6,43.9,1293,14.24354244,11.5,-1.902370969714009,1.6
E02000788,Richmond upon Thames 005,7.6,29.9,1148,14.15174766,9.7,-1.829801543822782,0.9
E02000789,Richmond upon Thames 006,8.8,33.9,927,15.83452211,10.9,-1.624596769214717,1.1
E02000790,Richmond upon Thames 007,5.4,29.4,896,13.3938706,7.4,-2.000413415226241,0.5
E02000791,Richmond upon Thames 008,5.1,31.2,1075,11.32404181,8.9,-2.049301457626557,0.7
E02000792,Richmond upon Thames 009,6.4,37.0,1037,15.64102564,10.7,-1.993813965357492,0.9
E02000793,Richmond upon Thames 010,16.8,39.4,566,14.63654224,14.4,-1.521913571121365,1.8
E02000794,Richmond upon Thames 011,10.4,31.8,716,14.03091558,10.7,-2.348344375546505,0.9
E02000795,Richmond upon Thames 012,9.3,35.5,824,21.16040956,11.0,-1.656070850961717,0.7
E02000796,Richmond upon Thames 013,20.4,47.6,572,17.00581395,15.3,-1.702273123977495,2.5
E02000797,Richmond upon Thames 014,6.4,35.9,953,8.8639201,8.1,-2.488739163552252,0.8
E02000798,Richmond upon Thames 015,13.4,27.7,948,11.78861789,12.0,-2.158613070177272,1.3
E02000799,Richmond upon Thames 016,6.2,32.0,694,15.63342318,8.9,-2.312062790901717,0.4
E02000800,Richmond upon Thames 017,17.3,44.6,338,16.20029455,14.9,-1.276368705677159,1.3
E02000801,Richmond upon Thames 018,7.9,25.9,753,11.62255466,8.7,-2.135797640712688,0.5
E02000802,Richmond upon Thames 019,11.4,23.9,701,13.23692992,13.0,-1.496401319392097,0.7
E02000803,Richmond upon Thames 020,17.6,40.8,688,13.21695761,15.6,-1.949086277941127,1.4
E02000804,Richmond upon Thames 021,8.4,26.8,805,14.23611111,11.8,-1.950924476346676,0.5
E02000805,Richmond upon Thames 022,10.0,43.0,1069,14.46776612,12.3,-1.31044011417716,0.9
E02000806,Richmond upon Thames 023,12.5,39.1,917,11.28165771,13.0,-2.138347219342489,0.6
E02000807,Southwark 001,10.0,41.7,1251,8.947368421,9.1,-1.570293955835144,1.4
E02000808,Southwark 002,10.8,47.8,1483,15.05016722,11.3,-1.169873908956354,1.7
E02000809,Southwark 003,6.4,49.3,3238,10.82802548,6.7,-2.054922978381438,1.1
E02000810,Southwark 004,19.8,52.7,878,16.85499058,14.5,-1.313288410936668,2.5
E02000812,Southwark 006,14.4,44.4,1111,16.51560926,13.6,-1.50668079192036,2.3
E02000813,Southwark 007,20.7,51.4,647,18.21705426,14.7,-1.289881901843379,3.2
E02000814,Southwark 008,10.8,39.5,1173,11.27717391,9.9,-1.480387331063072,2.2
E02000815,Southwark 009,9.6,40.6,747,17.67955801,9.0,-1.61182841047745,3.6
E02000816,Southwark 010,23.8,49.7,606,15.59714795,15.4,-1.277650746146683,2.9
E02000817,Southwark 011,29.9,52.6,325,15.38461538,20.4,-1.175408187929848,3.9
E02000818,Southwark 012,21.4,40.0,503,18.56060606,16.2,-1.249194288796501,3.9
E02000819,Southwark 013,20.9,48.3,455,19.3236715,15.5,-1.300518227977622,4.2
E02000820,Southwark 014,17.0,45.4,697,19.39799331,14.1,-1.5311380229111,3.5
E02000821,Southwark 015,22.6,43.7,343,22.13868003,14.6,-1.1723954353176,6.0
E02000822,Southwark 016,21.7,45.9,382,19.84126984,14.5,-1.395201080393052,5.5
E02000823,Southwark 017,19.2,44.1,514,19.02113459,15.0,-1.548326772324736,4.7
E02000824,Southwark 018,22.0,47.7,327,25.61750176,14.9,-1.684976889853664,4.4
E02000825,Southwark 019,19.6,46.0,430,21.05943152,13.8,-1.686228887033091,4.7
E02000826,Southwark 020,17.8,38.2,490,20.44247788,13.7,-1.756668414765544,4.3
E02000827,Southwark 021,19.0,37.1,571,19.44240646,14.2,-1.599289125465469,4.8
E02000828,Southwark 022,20.4,50.6,395,20.39586919,15.3,-1.805945138471682,5.5
E02000829,Southwark 023,20.4,43.9,590,16.18969747,17.5,-1.203650383506184,4.1
E02000830,Southwark 024,11.6,44.1,906,18.09421842,12.6,-1.68308923774046,2.0
E02000831,Southwark 025,14.3,42.5,810,13.62445415,14.2,-1.206590651471953,2.5
E02000832,Southwark 026,21.7,46.8,497,20.1509434,17.6,-1.271402221180346,2.9
E02000833,Southwark 027,14.6,39.1,480,16.54545455,11.5,-1.907634421314905,3.0
E02000834,Southwark 028,11.3,39.6,1030,11.75869121,12.2,-1.528150785226448,1.2
E02000835,Southwark 029,16.6,46.6,516,13.31417625,13.7,-1.386466693400613,2.0
E02000836,Southwark 030,11.5,33.9,955,13.61003861,11.8,-1.335207242139248,1.2
E02000837,Southwark 031,8.1,32.5,1209,20.7852194,9.3,-2.153987394968612,0.8
E02000838,Southwark 032,13.9,42.3,852,14.1285956,13.0,-1.536497437842887,1.4
E02000839,Southwark 033,12.7,47.9,705,16.27246925,14.1,-1.814198257058018,1.6
E02000840,Sutton 001,28.1,47.9,370,15.48242334,16.9,-0.5772447059656926,1.7
E02000841,Sutton 002,27.5,48.0,400,16.90245719,16.3,-0.5653615766396438,2.4
E02000842,Sutton 003,21.6,34.7,451,15.83756345,14.4,-0.6434002736161752,1.5
E02000843,Sutton 004,18.5,42.1,508,14.02142162,11.7,-0.8980998446933488,1.2
E02000844,Sutton 005,23.4,35.8,419,15.44571933,15.4,-0.5260879855092955,1.2
E02000845,Sutton 006,15.9,34.2,630,11.34421134,11.3,-1.791264690667438,2.1
E02000846,Sutton 007,20.5,36.5,397,13.4595163,15.7,-0.9062311580471788,1.3
E02000847,Sutton 008,19.2,32.4,576,13.43984962,14.6,-1.592206818030065,1.3
E02000848,Sutton 009,18.8,25.1,472,16.57559199,11.7,-1.515726218360666,1.0
E02000849,Sutton 010,17.4,42.5,444,14.84759095,14.4,-0.902432456762274,1.0
E02000850,Sutton 011,19.8,31.0,604,14.80169972,13.6,-1.16273335477672,1.0
E02000851,Sutton 012,21.5,53.3,515,11.79941003,17.3,-0.7936938890413805,2.6
E02000852,Sutton 013,17.0,34.0,523,11.37055838,11.7,-1.13064143449217,1.0
E02000853,Sutton 014,17.7,37.5,509,11.88299817,12.7,-1.174733837772045,1.8
E02000854,Sutton 015,15.1,39.2,556,14.2384106,13.4,-1.021274471336528,0.6
E02000855,Sutton 016,13.6,29.5,567,13.94891945,12.6,-1.322809506348451,1.2
E02000856,Sutton 017,15.0,29.1,613,13.16831683,13.3,-1.437733415837295,1.2
E02000857,Sutton 018,13.8,40.6,622,8.05134189,15.2,-0.7861098166793283,1.7
E02000858,Sutton 019,25.3,52.2,321,19.37602627,16.9,-0.677135365194016,1.5
E02000859,Sutton 020,18.2,43.7,564,14.87854251,17.5,-0.61299518095307,1.2
E02000860,Sutton 021,17.5,42.9,580,10.40935673,17.0,-0.7444604838102649,2.1
E02000861,Sutton 022,11.2,25.3,625,16.68496158,11.7,-1.53487439824062,0.6
E02000863,Sutton 024,17.6,35.3,514,17.24137931,15.0,-1.305459013474607,0.7
E02000864,Tower Hamlets 001,28.6,58.5,508,27.42268041,18.4,-0.9764443872033725,5.4
E02000865,Tower Hamlets 002,24.6,63.1,401,29.30174564,17.0,-0.8700782846974005,8.4
E02000866,Tower Hamlets 003,19.5,51.6,861,25.05263158,13.4,-1.186719196290613,4.3
E02000867,Tower Hamlets 004,16.0,59.2,1071,23.47826087,11.6,-1.22089592941022,4.6
E02000868,Tower Hamlets 005,19.5,69.7,586,33.45454545,13.3,-1.452510018299012,6.9
E02000869,Tower Hamlets 006,21.9,57.9,537,25.68807339,16.8,-1.088217860829269,6.9
E02000870,Tower Hamlets 007,23.6,57.1,435,28.41068917,15.6,-1.461175885725915,6.3
E02000871,Tower Hamlets 008,24.6,65.2,323,31.0137457,14.3,-1.643535692211941,10.3
E02000872,Tower Hamlets 009,19.6,67.0,765,30.88023088,13.9,-1.285329392760116,8.4
E02000873,Tower Hamlets 010,16.5,66.5,389,31.41426783,12.0,-1.718718568657812,8.1
E02000874,Tower Hamlets 011,23.9,66.2,321,35.4679803,15.6,-1.620828077127153,11.4
E02000875,Tower Hamlets 012,24.4,66.6,470,34.16046319,14.2,-1.704497762252122,10.3
E02000876,Tower Hamlets 013,19.1,78.1,488,29.24242424,14.6,-1.588124964870525,10.5
E02000877,Tower Hamlets 014,24.3,60.0,415,33.65695793,14.0,-1.678552833865098,10.3
E02000878,Tower Hamlets 015,17.2,75.6,1215,27.41116751,13.6,-1.305667136501562,10.7
E02000879,Tower Hamlets 016,26.3,64.6,373,33.58681876,18.4,-1.166159890321908,9.8
E02000880,Tower Hamlets 017,23.1,64.2,317,29.13256956,15.3,-1.41728105215868,10.7
E02000881,Tower Hamlets 018,29.2,66.1,265,35.17382413,15.4,-1.261196793437791,9.2
E02000882,Tower Hamlets 019,27.5,65.7,332,35.47826087,16.4,-1.49733208823669,11.0
E02000883,Tower Hamlets 020,31.9,62.6,263,32.27561197,18.3,-1.26231221791844,10.0
E02000884,Tower Hamlets 021,13.6,73.8,1426,27.25968436,11.2,-2.002720524710866,10.2
E02000885,Tower Hamlets 022,27.2,67.5,337,33.65617433,18.3,-1.577161116535588,12.2
E02000886,Tower Hamlets 023,17.1,61.3,1022,25.40322581,12.3,-1.343628564364258,7.6
E02000887,Tower Hamlets 024,26.4,62.0,412,27.17569787,15.0,-0.9024368885559588,9.8
E02000888,Tower Hamlets 025,16.5,59.9,1066,29.19389978,10.7,-1.697518456056083,8.8
E02000889,Tower Hamlets 026,15.7,56.2,935,24.79871176,11.8,-1.633379915180982,6.9
E02000890,Tower Hamlets 027,8.8,40.6,1349,13.50649351,8.8,-1.971578764783448,2.5
E02000891,Tower Hamlets 028,11.6,58.2,1902,22.46203038,8.2,-1.950808289845147,4.8
E02000893,Tower Hamlets 030,20.3,58.3,611,17.3053152,14.2,-1.538099838582155,5.1
E02000894,Tower Hamlets 031,11.2,58.7,1490,15.32921811,7.7,-1.975060926431256,4.6
E02000895,Waltham Forest 001,29.1,46.1,380,17.70623742,20.0,-0.8984313573269986,2.0
E02000896,Waltham Forest 002,19.9,39.6,677,13.17073171,16.2,-1.396106429682589,1.0
E02000897,Waltham Forest 003,29.3,49.3,445,17.59776536,19.8,-1.418353374924002,2.1
E02000898,Waltham Forest 004,26.3,48.0,407,14.96598639,18.4,-1.022393663833283,2.1
E02000899,Waltham Forest 005,25.2,36.0,454,14.4,16.5,-1.033750459465868,2.7
E02000900,Waltham Forest 006,26.3,49.5,360,20.12522361,16.7,-1.487250943118502,3.2
E02000901,Waltham Forest 007,18.4,35.7,597,15.56082148,15.1,-1.813459559778305,1.5
E02000902,Waltham Forest 008,22.0,46.9,404,20.92050209,14.4,-1.859364687288897,3.6
E02000903,Waltham Forest 009,26.3,55.4,377,24.4478294,16.9,-1.403993211591942,6.5
E02000904,Waltham Forest 010,18.6,47.0,446,18.12816189,12.4,-1.92335587705479,4.4
E02000905,Waltham Forest 011,19.7,47.7,442,19.1376702,13.5,-1.243772161145087,6.7
E02000906,Waltham Forest 012,20.7,48.3,444,20.29548989,12.8,-1.648895265657775,7.2
E02000907,Waltham Forest 013,24.7,53.8,376,25.94936709,16.3,-0.8894721444547932,6.7
E02000908,Waltham Forest 014,18.0,45.1,602,15.98455598,12.7,-1.565472008734914,6.7
E02000909,Waltham Forest 015,16.8,42.4,543,15.42416452,13.2,-1.352264996978512,4.2
E02000910,Waltham Forest 016,17.3,51.7,617,16.76646707,14.4,-0.9366059970737958,7.9
E02000911,Waltham Forest 017,19.4,49.7,526,19.30555556,13.4,-1.514656058088645,7.7
E02000912,Waltham Forest 018,23.0,46.6,404,25.71202532,15.7,-1.296439245608194,8.1
E02000913,Waltham Forest 019,19.4,48.8,467,23.51797862,14.4,-1.705745004349837,6.6
E02000914,Waltham Forest 020,23.0,56.5,364,25.67272727,15.7,-1.61703585690444,10.8
E02000915,Waltham Forest 021,16.6,45.3,614,16.48471616,13.7,-1.202307670858357,4.3
E02000916,Waltham Forest 022,21.7,45.7,380,18.58887381,12.1,-1.322972117856165,8.6
E02000917,Waltham Forest 023,16.0,34.0,444,19.1626409,10.5,-1.635988117096721,7.8
E02000918,Waltham Forest 024,16.8,49.5,558,17.60435572,12.7,-1.935757660149159,5.6
E02000919,Waltham Forest 025,16.9,45.8,528,18.9,12.4,-1.881928105697031,7.8
E02000920,Waltham Forest 026,18.8,51.5,419,21.02519548,14.0,-1.768852770188693,7.2
E02000921,Waltham Forest 027,20.0,55.0,475,24.28958051,14.1,-1.442413054877417,6.5
E02000922,Waltham Forest 028,18.3,41.3,483,20.03081664,12.8,-1.435506346204221,8.3
E02000923,Wandsworth 001,9.0,37.0,1294,12.30283912,10.7,-1.548020295858361,1.5
E02000924,Wandsworth 002,13.6,52.1,1324,15.65703635,11.9,-1.569740168736342,3.6
E02000925,Wandsworth 003,17.6,49.7,775,19.65020576,14.6,-0.9802108530092182,2.4
E02000926,Wandsworth 004,9.9,49.8,1472,15.25658807,9.8,-1.611874384829486,1.6
E02000927,Wandsworth 005,17.0,54.9,927,13.44262295,14.1,-1.391819706510519,0.9
E02000928,Wandsworth 006,7.5,39.8,1414,16.30804077,8.6,-1.791783255058827,0.6
E02000929,Wandsworth 007,21.9,49.5,422,18.63488624,15.3,-1.207818324286488,3.0
E02000930,Wandsworth 008,7.7,46.5,1742,10.62416999,8.5,-1.981468125948369,1.0
E02000931,Wandsworth 009,5.3,33.8,1818,14.40377804,6.4,-2.053091123257376,0.7
E02000932,Wandsworth 010,5.1,43.9,2065,12.6778784,6.3,-1.863323499785078,1.2
E02000933,Wandsworth 011,9.2,45.2,1322,19.12632822,10.3,-1.755441570442757,1.2
E02000934,Wandsworth 012,8.7,39.6,1632,11.01573677,9.0,-1.883975051059358,1.2
E02000935,Wandsworth 013,18.7,57.4,286,19.47115385,15.8,-1.109437679889119,4.1
E02000936,Wandsworth 014,8.5,53.5,1166,15.69282137,11.8,-1.684355072700232,1.5
E02000937,Wandsworth 015,7.1,37.6,1449,19.70649895,8.1,-1.960924515385859,1.0
E02000938,Wandsworth 016,17.7,52.7,781,16.72661871,16.7,-1.152665024106595,2.6
E02000939,Wandsworth 017,7.6,50.8,1354,18.52534562,9.1,-1.562672210922955,1.2
E02000940,Wandsworth 018,14.7,51.0,819,17.20183486,11.4,-1.549662516601143,3.4
E02000941,Wandsworth 019,9.8,43.7,1598,19.05187835,9.3,-1.363117546566888,1.2
E02000942,Wandsworth 020,7.9,34.2,1332,21.34423252,8.7,-1.933556311970408,2.1
E02000943,Wandsworth 021,7.5,37.6,1452,18.85790173,8.5,-1.494281538268953,1.4
E02000944,Wandsworth 022,17.3,47.9,585,21.13459399,15.1,-1.416396253751423,4.1
E02000945,Wandsworth 023,18.7,48.1,343,21.20051086,16.0,-1.147365784960385,4.2
E02000946,Wandsworth 024,15.9,46.9,1000,18.43137255,13.6,-1.69742412389309,2.9
E02000947,Wandsworth 025,8.6,38.3,1204,9.359104781,8.8,-1.951713732952087,1.2
E02000948,Wandsworth 026,8.0,46.9,1577,13.08176101,9.1,-1.48603469263459,1.3
E02000949,Wandsworth 027,7.0,31.2,1573,20.24291498,10.0,-1.407936572835264,1.0
E02000950,Wandsworth 028,12.2,46.0,803,18.87694146,10.8,-1.983156893052657,3.0
E02000951,Wandsworth 029,10.0,43.4,831,16.34446397,13.0,-1.55115544748934,1.8
E02000952,Wandsworth 030,10.1,50.4,817,23.27447833,11.7,-1.661944236563554,2.4
E02000953,Wandsworth 031,10.4,37.1,860,14.09883721,9.1,-1.708730536194639,2.1
E02000954,Wandsworth 032,13.0,57.5,560,22.44897959,12.0,-1.793199555407352,4.5
E02000955,Wandsworth 033,18.0,53.3,429,17.40696279,14.3,-1.699253441555026,4.9
E02000956,Wandsworth 034,14.4,55.5,511,20.69857697,12.5,-1.560634282176212,4.6
E02000957,Wandsworth 035,13.5,53.5,820,16.2138475,12.7,-1.826565098527167,5.5
E02000958,Wandsworth 036,14.4,39.2,563,19.8156682,13.1,-1.705707025294474,3.4
E02000959,Wandsworth 037,16.9,49.8,488,17.49745677,13.9,-1.527256250661682,4.9
E02000960,Westminster 001,11.7,49.6,1133,14.36781609,13.9,-2.116615330797856,4.2
E02000961,Westminster 002,13.7,60.5,1325,23.67972743,13.9,-1.627782816611677,4.7
E02000962,Westminster 003,14.0,56.2,1142,19.63636364,16.9,-1.24372779871817,4.9
E02000963,Westminster 004,23.8,56.6,594,24.21203438,19.9,-0.9774585250313096,5.7
E02000964,Westminster 005,19.0,56.5,998,19.64769648,18.2,-1.169341989205481,4.8
E02000965,Westminster 006,9.8,56.9,1485,16.23449831,11.5,-1.738450435049368,3.2
E02000966,Westminster 007,8.5,50.9,1983,15.40880503,11.5,-1.865526853480677,3.8
E02000967,Westminster 008,6.4,58.5,1499,12.62729124,9.1,-2.341796177934572,2.6
E02000968,Westminster 009,27.7,67.4,737,28.81172002,22.8,-0.6774755593913123,9.9
E02000969,Westminster 010,25.8,62.4,505,26.11464968,21.3,-0.3970106380969115,7.5
E02000970,Westminster 011,5.9,40.2,2363,10.2739726,8.2,-1.894925943556372,1.7
E02000971,Westminster 012,9.0,55.9,1719,15.81632653,11.0,-1.95466082298321,3.8
E02000972,Westminster 013,10.1,57.3,1602,18.1122449,13.2,-1.169791950200356,3.5
E02000973,Westminster 014,8.9,54.1,2052,16.52281134,12.9,-1.624975751855149,2.7
E02000974,Westminster 015,13.2,65.9,1347,18.99736148,12.7,-1.137767725524806,5.6
E02000975,Westminster 016,5.9,55.0,1958,13.12607945,8.6,-2.0296746666549,3.5
E02000976,Westminster 017,7.8,55.9,1870,18.72399445,11.0,-1.805731125454335,4.1
E02000977,Westminster 018,9.4,44.3,1722,11.14551084,11.0,-1.804371776686136,3.3
E02000978,Westminster 019,5.7,50.9,1792,17.37849779,6.0,-2.230168532132878,2.3
E02000979,Westminster 020,10.8,46.3,1574,15.26845638,13.2,-1.16532338873968,2.9
E02000980,Westminster 021,14.0,57.3,1253,18.15889029,16.5,-0.8853088043852693,3.8
E02000981,Westminster 022,7.6,46.5,1923,15.78947368,11.6,-1.442181683897621,2.1
E02000982,Westminster 023,15.8,61.3,1009,19.93087558,16.8,-1.430411488684609,4.1
E02000983,Westminster 024,16.9,55.6,1158,20.67567568,17.6,-1.152843606884926,3.5
E02006782,Bromley 040,22.6,43.9,475,15.68627451,18.0,-0.8756833236145108,1.1
E02006783,Lewisham 037,30.1,50.7,239,18.64820847,18.1,-0.75062485943177,2.2
E02006784,Lewisham 038,30.2,47.1,319,19.98060136,19.6,-0.7726610705167324,2.2
E02006785,Bexley 029,27.3,40.3,289,16.79586563,18.3,-1.556657499345212,1.6
E02006786,Greenwich 033,22.1,46.8,268,18.28571429,14.7,-1.924274613509452,2.9
E02006787,Bromley 041,16.7,29.6,501,13.65313653,13.1,-0.7486043645478883,0.5
E02006788,Croydon 045,21.3,39.5,294,17.84860558,14.9,-1.215232933362349,1.8
E02006789,Bromley 042,21.1,36.5,542,15.07607192,15.8,-1.54409104918933,0.1
E02006791,Ealing 040,10.2,43.4,897,11.88118812,11.2,-1.603176420755409,2.3
E02006792,Hounslow 029,9.2,45.2,1093,13.69127517,12.4,-1.172796514795066,2.4
E02006793,Enfield 037,30.6,59.7,274,20.46543463,16.4,-1.62142977178679,12.1
E02006794,Haringey 037,30.1,58.7,231,23.10374891,16.9,-1.18516977358035,12.5
E02006795,Harrow 032,14.4,38.7,386,15.77540107,13.9,-1.877847252295827,5.3
E02006796,Hillingdon 033,19.6,39.6,489,13.06191688,13.6,-1.359916413879548,2.2
E02006798,Lewisham 039,18.9,47.7,365,18.01896733,13.7,-1.205603552786013,6.3
E02006799,Barking and Dagenham 023,30.1,50.2,348,19.3174501,18.0,-1.452294424923128,3.3
E02006800,Redbridge 034,18.1,52.7,569,24.10171365,14.3,-1.843414023745914,7.1
E02006801,Lambeth 036,13.0,44.9,1057,15.02683363,12.3,-1.004945325261351,2.4
E02006802,Southwark 034,14.1,41.4,654,15.7807309,14.2,-0.4879002541714607,3.0
E02006836,Sutton 025,12.8,25.7,755,15.1,13.0,-1.263790599713547,0.9
E02006853,Tower Hamlets 032,14.6,58.9,1044,21.9895288,9.7,-1.879073660046539,5.0
E02006854,Tower Hamlets 033,7.9,58.6,1503,23.60248447,6.8,-1.919697842488904,3.7
E02006882,Harrow 033,18.5,27.9,737,16.71606402,14.4,-2.171107978466087,7.0
E02006918,Hackney 028,21.0,51.2,349,25.39130435,15.0,-1.501888680940866,7.6
E02006921,Hackney 029,31.1,52.4,230,29.65217391,14.9,-1.559166923305399,9.5
E02006924,Redbridge 035,17.6,46.8,630,22.14377407,15.5,-1.847781995562244,5.4
E02006925,Redbridge 036,17.0,40.8,743,22.04724409,14.9,-2.022833145965987,4.6
E02006927,Greenwich 034,21.2,51.2,564,20.2965709,16.8,-1.216242103485687,2.3
E02006928,Greenwich 035,11.4,50.4,674,14.09147095,9.2,-1.543349041913059,3.3
E02006929,Greenwich 036,16.9,53.1,741,16.32183908,14.3,-1.549147882135106,2.6
E02006930,Greenwich 037,12.9,46.6,727,13.62940276,11.3,-1.733224811561225,1.8
E02006931,Greenwich 038,14.0,41.1,1170,16.9792695,12.7,-1.439169446070853,1.5
