Code,Msoa_name,lone_parent_unemployed,families_with_3plus_kids,population_cannot_speak_english,Limiting_long-term_illness_disability,education_no qualifications,work_49hr_more
E02000001,City of London 001,24.2,8.816705336,1.4,11.5,6.7,1817
E02000002,Barking and Dagenham 001,56.0,19.0521327,2.4,20.4,32.3,203
E02000003,Barking and Dagenham 002,48.8,19.14285714,2.7,15.9,22.8,497
E02000004,Barking and Dagenham 003,42.2,17.66917293,0.8,18.3,30.1,300
E02000005,Barking and Dagenham 004,52.3,19.67334818,2.6,16.8,28.9,362
E02000007,Barking and Dagenham 006,57.3,20.82459818,2.1,18.0,32.1,307
E02000008,Barking and Dagenham 007,54.9,17.10945802,2.6,19.2,32.3,429
E02000009,Barking and Dagenham 008,51.0,17.25431358,3.6,17.3,29.1,342
E02000010,Barking and Dagenham 009,61.7,19.33662668,2.3,17.0,31.1,311
E02000011,Barking and Dagenham 010,48.3,18.99313501,2.6,15.9,28.6,254
E02000012,Barking and Dagenham 011,45.7,24.06456346,5.2,14.2,22.8,418
E02000013,Barking and Dagenham 012,52.6,22.8978979,2.6,17.1,31.2,332
E02000014,Barking and Dagenham 013,57.8,19.2722372,2.6,18.0,32.8,368
E02000015,Barking and Dagenham 014,56.4,19.7865353,2.3,17.2,30.5,274
E02000016,Barking and Dagenham 015,55.2,19.83673469,6.8,8.7,15.0,295
E02000017,Barking and Dagenham 016,47.7,22.55707763,8.5,14.3,20.0,350
E02000018,Barking and Dagenham 017,57.3,19.71544715,3.4,16.5,30.1,298
E02000019,Barking and Dagenham 018,54.0,20.86700955,2.6,15.9,28.8,298
E02000020,Barking and Dagenham 019,50.6,23.06049822,5.3,16.8,27.1,349
E02000021,Barking and Dagenham 020,50.8,23.3278956,3.5,16.7,28.1,312
E02000022,Barking and Dagenham 021,59.2,24.20856611,6.2,12.8,24.9,264
E02000023,Barking and Dagenham 022,59.7,24.03169014,3.8,14.6,24.9,220
E02000024,Barnet 001,29.2,14.21838178,1.5,14.5,12.4,924
E02000025,Barnet 002,47.1,11.67664671,1.4,15.7,15.8,619
E02000026,Barnet 003,28.7,13.93341554,1.7,14.7,15.6,474
E02000027,Barnet 004,47.4,18.62318841,2.4,17.1,22.6,498
E02000028,Barnet 005,55.4,13.95646607,2.5,12.9,13.5,506
E02000029,Barnet 006,47.5,13.4439834,2.0,13.9,16.7,558
E02000030,Barnet 007,45.6,17.51509922,1.4,15.1,17.8,798
E02000031,Barnet 008,47.1,14.81481481,3.2,15.6,14.5,642
E02000032,Barnet 009,30.6,13.73307544,2.8,14.0,16.3,546
E02000033,Barnet 010,48.9,15.25862069,3.2,16.1,18.5,504
E02000034,Barnet 011,42.2,13.14636284,3.0,14.4,15.5,643
E02000035,Barnet 012,47.3,12.93478261,3.8,15.7,14.2,677
E02000036,Barnet 013,42.7,19.73333333,3.4,14.4,17.6,650
E02000037,Barnet 014,44.6,26.85325265,2.7,14.2,17.2,679
E02000038,Barnet 015,46.1,15.54054054,3.9,14.7,15.4,817
E02000039,Barnet 016,36.4,18.23085221,2.3,12.6,11.3,638
E02000040,Barnet 017,49.6,22.63759086,3.7,14.8,17.5,503
E02000041,Barnet 018,43.0,25.15611062,4.9,14.8,18.2,545
E02000042,Barnet 019,43.2,13.36593317,5.6,15.4,14.9,807
E02000043,Barnet 020,32.4,14.59510358,4.6,11.2,10.4,696
E02000044,Barnet 021,47.5,18.12191104,4.5,15.0,21.0,475
E02000045,Barnet 022,48.7,13.23430115,3.7,14.1,16.7,677
E02000046,Barnet 023,43.2,11.8556701,4.9,12.1,11.1,659
E02000047,Barnet 024,48.9,20.72127139,7.4,15.9,24.2,515
E02000048,Barnet 025,47.8,18.51568477,3.6,12.3,12.4,854
E02000049,Barnet 026,47.4,26.6146203,5.7,15.2,21.4,254
E02000050,Barnet 027,47.4,17.16475096,4.6,15.1,16.4,760
E02000051,Barnet 028,40.8,22.04301075,3.8,14.2,12.9,717
E02000052,Barnet 029,46.8,13.83075523,2.9,12.9,11.7,953
E02000053,Barnet 030,51.5,17.45235707,7.4,11.4,15.5,501
E02000054,Barnet 031,47.2,18.33333333,5.5,12.1,11.8,560
E02000055,Barnet 032,37.9,23.22193659,4.9,13.2,14.0,824
E02000056,Barnet 033,41.4,26.13240418,1.7,11.1,9.0,1057
E02000057,Barnet 034,39.2,35.9462486,4.6,11.7,13.7,510
E02000058,Barnet 035,44.1,25.25083612,2.6,11.3,9.6,956
E02000059,Barnet 036,45.9,18.0620155,8.0,15.4,19.9,571
E02000060,Barnet 037,54.5,47.58394758,3.6,12.7,14.7,686
E02000061,Barnet 038,39.8,21.15621156,3.6,11.9,9.3,849
E02000062,Barnet 039,54.1,21.97149644,7.5,14.3,21.1,335
E02000063,Barnet 040,53.8,22.78911565,8.0,14.0,16.7,447
E02000064,Barnet 041,54.7,18.15754339,5.1,15.1,16.6,478
E02000065,Bexley 001,44.5,22.79469165,2.4,10.3,17.6,312
E02000066,Bexley 002,47.8,20.9902371,3.7,15.8,24.9,404
E02000067,Bexley 003,45.1,17.1969697,2.5,15.4,23.6,455
E02000068,Bexley 004,56.2,19.25087108,2.2,14.1,22.5,383
E02000069,Bexley 005,45.1,19.76744186,1.7,18.7,25.0,327
E02000070,Bexley 006,30.9,16.08606557,1.1,17.7,23.9,440
E02000071,Bexley 007,41.1,17.10654936,1.3,15.7,23.6,424
E02000072,Bexley 008,56.1,20.36474164,1.1,16.1,28.3,488
E02000073,Bexley 009,30.1,17.18972896,1.1,15.1,21.9,575
E02000074,Bexley 010,50.8,16.63516068,0.9,19.4,30.2,348
E02000075,Bexley 011,37.9,12.06521739,0.6,16.8,22.8,482
E02000077,Bexley 013,28.0,16.95736434,1.2,15.8,24.9,413
E02000078,Bexley 014,34.4,13.71134021,0.6,14.0,19.3,442
E02000079,Bexley 015,30.3,14.16490486,1.0,17.7,21.1,506
E02000080,Bexley 016,38.6,14.48911223,1.6,15.7,24.1,517
E02000081,Bexley 017,37.2,15.07592191,0.6,18.6,25.5,416
E02000082,Bexley 018,21.9,12.5,0.9,13.7,21.2,551
E02000083,Bexley 019,41.7,19.08339594,0.8,16.3,24.0,530
E02000084,Bexley 020,29.6,13.46749226,0.7,14.6,19.8,769
E02000085,Bexley 021,27.3,13.41911765,0.7,13.9,23.8,460
E02000086,Bexley 022,25.6,12.47401247,0.4,12.7,19.4,517
E02000087,Bexley 023,35.2,16.95906433,0.4,15.8,18.0,584
E02000088,Bexley 024,27.5,15.28795812,0.4,14.6,20.4,475
E02000089,Bexley 025,26.5,13.26530612,0.2,16.2,20.8,454
E02000090,Bexley 026,39.8,10.99020675,0.5,18.2,21.5,563
E02000091,Bexley 027,39.3,14.13953488,0.7,17.8,21.2,628
E02000092,Bexley 028,52.7,18.34451902,1.0,20.0,28.5,334
E02000093,Brent 001,51.8,18.48484848,9.4,14.8,21.7,586
E02000094,Brent 002,44.0,21.9876869,7.9,13.9,19.9,512
E02000095,Brent 003,47.2,18.21396994,8.6,16.2,21.1,522
E02000096,Brent 004,32.1,14.65201465,5.4,14.8,15.3,567
E02000097,Brent 005,43.2,23.31233123,8.4,14.8,20.9,448
E02000098,Brent 006,38.3,21.20253165,7.0,14.5,17.0,474
E02000099,Brent 007,41.5,20.63628547,8.1,12.7,16.8,485
E02000100,Brent 008,28.9,18.91891892,4.1,12.3,11.5,564
E02000101,Brent 009,46.1,20.78025478,7.7,16.1,20.2,445
E02000102,Brent 010,49.8,31.98458574,11.0,14.9,25.7,322
E02000103,Brent 011,46.8,25.51020408,6.9,15.6,22.3,443
E02000104,Brent 012,40.8,19.31216931,8.3,17.1,18.3,369
E02000105,Brent 013,40.7,18.11352254,8.6,12.9,17.2,412
E02000106,Brent 014,55.3,24.62462462,10.6,13.6,22.7,464
E02000107,Brent 015,46.1,17.46724891,6.4,12.8,15.9,841
E02000108,Brent 016,45.1,20.97560976,9.1,14.5,17.9,306
E02000109,Brent 017,44.4,23.69584439,8.3,14.7,18.9,457
E02000110,Brent 018,45.1,20.50970874,5.6,13.7,15.1,629
E02000111,Brent 019,43.8,17.72575251,11.1,15.4,20.0,412
E02000112,Brent 020,41.2,17.99610895,11.2,14.8,20.3,473
E02000113,Brent 021,51.9,28.13536828,8.1,16.6,26.3,271
E02000114,Brent 022,45.3,19.18976546,6.9,12.1,15.3,710
E02000115,Brent 023,41.5,16.13333333,4.5,14.9,12.9,874
E02000116,Brent 024,45.2,18.61313869,9.4,14.2,21.8,383
E02000117,Brent 025,46.4,24.93043962,9.1,16.3,25.3,360
E02000118,Brent 026,45.3,17.44855967,13.8,14.7,22.7,388
E02000119,Brent 027,47.2,28.71467639,6.8,16.4,25.4,229
E02000120,Brent 028,45.8,14.00233372,3.5,12.7,13.0,1041
E02000121,Brent 029,52.2,14.79400749,14.6,14.3,21.6,384
E02000122,Brent 030,38.1,21.19914347,3.8,14.1,16.0,704
E02000123,Brent 031,49.0,19.94177584,10.0,14.0,22.5,709
E02000124,Brent 032,41.2,15.85040071,3.4,11.2,12.3,1195
E02000125,Brent 033,42.9,15.09881423,5.3,13.1,17.6,879
E02000126,Brent 034,47.9,25.0,5.1,17.2,22.4,359
E02000127,Bromley 001,53.2,15.24590164,1.0,19.5,27.8,463
E02000128,Bromley 002,38.8,11.08786611,0.5,14.3,18.1,586
E02000130,Bromley 004,34.7,16.35094716,1.7,13.7,14.8,573
E02000131,Bromley 005,45.4,13.24324324,1.9,12.8,13.3,649
E02000132,Bromley 006,49.8,9.213759214,1.1,14.6,14.1,814
E02000133,Bromley 007,34.3,13.88646288,0.3,14.5,11.7,1146
E02000134,Bromley 008,41.7,9.42408377,1.1,14.7,15.0,908
E02000135,Bromley 009,49.0,15.44217687,2.5,17.6,22.7,435
E02000136,Bromley 010,55.6,17.27272727,0.8,19.8,23.8,391
E02000137,Bromley 011,39.2,13.47926267,0.8,14.4,13.0,657
E02000138,Bromley 012,28.4,11.27717391,0.7,14.5,11.6,781
E02000139,Bromley 013,36.1,11.06427819,0.9,12.3,14.0,598
E02000140,Bromley 014,53.8,21.40522876,1.1,19.4,32.1,346
E02000141,Bromley 015,38.1,14.36170213,1.3,13.3,16.7,449
E02000142,Bromley 016,36.9,15.55959964,0.7,13.8,14.8,721
E02000144,Bromley 018,31.5,11.48587056,0.9,11.5,10.5,782
E02000145,Bromley 019,55.7,19.41594317,1.1,17.3,30.4,366
E02000146,Bromley 020,19.4,11.88380282,0.4,14.7,16.6,582
E02000147,Bromley 021,26.1,19.52965235,0.4,13.0,11.6,654
E02000148,Bromley 022,29.2,14.1509434,0.4,13.8,15.2,530
E02000149,Bromley 023,47.5,14.24581006,0.8,17.0,25.4,445
E02000150,Bromley 024,30.1,15.67291312,0.6,13.5,17.4,599
E02000151,Bromley 025,25.9,11.02863203,0.4,13.9,15.5,631
E02000152,Bromley 026,51.5,18.73684211,0.9,18.1,25.7,348
E02000153,Bromley 027,19.9,15.43498597,0.2,11.8,15.5,544
E02000154,Bromley 028,39.9,14.59183673,0.7,14.4,16.7,616
E02000155,Bromley 029,26.0,15.83220568,0.5,19.5,27.1,384
E02000156,Bromley 030,21.7,15.0390625,0.4,14.8,15.8,843
E02000157,Bromley 031,22.9,15.47131148,0.4,15.2,14.9,499
E02000158,Bromley 032,55.5,22.04806688,0.7,17.2,22.1,396
E02000159,Bromley 033,33.3,17.01346389,0.2,14.2,16.6,585
E02000160,Bromley 034,25.3,16.60039761,0.4,13.8,16.1,642
E02000161,Bromley 035,23.8,14.49407475,0.3,13.5,16.2,571
E02000162,Bromley 036,32.2,13.60381862,0.4,17.4,23.4,428
E02000163,Bromley 037,25.9,15.23394995,0.2,14.0,16.8,631
E02000165,Bromley 039,24.7,15.82417582,0.1,11.6,17.4,528
E02000166,Camden 001,49.4,16.18303571,1.6,16.7,13.2,758
E02000167,Camden 002,31.9,15.71753986,1.0,10.5,5.5,1431
E02000168,Camden 003,47.7,15.27777778,1.8,14.9,12.4,871
E02000169,Camden 004,38.4,20.75919336,1.3,9.8,6.7,1178
E02000170,Camden 005,37.3,12.03369434,2.0,11.0,7.6,1124
E02000171,Camden 006,53.3,16.37831603,1.7,13.7,10.1,1048
E02000172,Camden 007,60.8,20.94370861,4.4,19.8,22.3,633
E02000173,Camden 008,44.0,15.09433962,1.7,10.8,6.0,1433
E02000174,Camden 009,50.8,17.34693878,3.3,15.3,14.5,821
E02000175,Camden 010,48.1,13.18537859,2.3,11.8,8.6,1423
E02000176,Camden 011,31.9,11.28205128,1.4,9.8,5.4,1304
E02000177,Camden 012,59.3,22.13279678,3.9,18.5,19.1,814
E02000178,Camden 013,50.9,18.08118081,3.6,16.9,14.4,1033
E02000179,Camden 014,58.7,18.90166028,2.8,12.3,11.6,852
E02000180,Camden 015,45.9,20.52631579,3.7,14.0,13.4,715
E02000181,Camden 016,59.0,11.25356125,1.4,10.2,6.5,1432
E02000182,Camden 017,59.5,19.33774834,4.2,13.5,11.9,901
E02000183,Camden 018,53.3,19.37984496,1.7,14.4,11.4,1254
E02000184,Camden 019,54.4,21.67755991,4.6,16.5,17.3,558
E02000185,Camden 020,57.6,21.74381055,4.5,18.9,18.6,641
E02000186,Camden 021,51.6,16.95906433,3.7,14.8,12.6,809
E02000187,Camden 022,58.3,26.54508612,7.2,19.7,25.4,338
E02000188,Camden 023,46.3,27.10059172,6.6,16.4,20.0,332
E02000189,Camden 024,42.2,40.98073555,6.5,13.9,15.4,337
E02000190,Camden 025,36.9,25.88726514,3.9,15.5,11.8,489
E02000191,Camden 026,28.7,26.4084507,2.9,9.6,5.8,710
E02000192,Camden 027,58.3,22.09302326,4.6,16.8,16.0,871
E02000193,Camden 028,45.5,14.16893733,2.4,13.7,8.3,1001
E02000194,Croydon 001,38.2,13.60136869,2.0,13.5,13.5,577
E02000195,Croydon 002,39.3,16.83501684,2.9,13.7,15.5,594
E02000196,Croydon 003,40.8,20.98501071,5.1,15.6,18.8,405
E02000197,Croydon 004,48.6,19.88906498,5.5,14.6,16.4,444
E02000198,Croydon 005,42.9,18.57585139,3.1,13.7,19.7,338
E02000199,Croydon 006,35.6,18.62891207,2.7,12.3,16.0,368
E02000200,Croydon 007,48.0,13.61665221,2.0,14.6,16.3,450
E02000201,Croydon 008,44.6,14.1329259,2.4,15.2,17.7,361
E02000202,Croydon 009,37.5,19.79166667,5.0,14.0,17.5,369
E02000203,Croydon 010,41.5,17.52096925,4.1,15.1,19.1,342
E02000204,Croydon 011,43.3,22.59541985,4.8,14.3,17.2,386
E02000206,Croydon 013,43.3,17.7704918,3.2,15.4,19.2,333
E02000207,Croydon 014,45.9,19.13875598,1.9,14.8,18.6,389
E02000208,Croydon 015,49.9,15.2173913,5.0,14.8,19.6,362
E02000209,Croydon 016,44.5,20.08639309,5.6,12.9,18.4,319
E02000210,Croydon 017,36.1,14.57990115,2.0,12.1,16.3,420
E02000211,Croydon 018,27.1,12.8600823,1.0,15.1,18.4,525
E02000212,Croydon 019,46.4,18.77256318,5.8,12.8,21.0,293
E02000213,Croydon 020,54.7,14.45864156,4.8,15.9,17.9,372
E02000214,Croydon 021,30.7,15.72164948,1.5,14.3,15.1,407
E02000215,Croydon 022,52.9,10.56845476,3.3,14.9,15.0,690
E02000216,Croydon 023,44.3,10.83437111,2.3,15.9,11.9,501
E02000217,Croydon 024,51.5,13.17280453,3.0,12.9,16.4,565
E02000218,Croydon 025,48.9,20.77067669,2.3,14.1,19.5,257
E02000219,Croydon 026,29.6,14.47212337,1.1,16.5,16.7,555
E02000220,Croydon 027,37.8,8.21799308,3.1,14.6,13.3,703
E02000221,Croydon 028,48.3,18.21835231,3.1,16.4,21.2,469
E02000222,Croydon 029,40.1,11.21593291,1.5,12.7,12.1,597
E02000223,Croydon 030,53.3,24.98418722,1.6,16.5,33.4,226
E02000224,Croydon 031,45.8,12.01550388,1.5,12.0,12.2,589
E02000225,Croydon 032,50.0,24.83598875,0.9,17.6,33.3,305
E02000226,Croydon 033,29.8,10.79545455,0.9,14.1,14.1,552
E02000227,Croydon 034,35.6,14.15157612,0.8,14.7,18.5,677
E02000228,Croydon 035,35.4,15.48022599,0.8,14.0,11.2,655
E02000229,Croydon 036,52.2,22.4852071,1.3,20.4,37.7,211
E02000230,Croydon 037,41.3,14.42542787,1.3,15.4,13.0,744
E02000231,Croydon 038,38.1,16.20171674,1.2,14.7,12.7,756
E02000232,Croydon 039,37.5,14.98079385,0.8,16.0,20.0,389
E02000233,Croydon 040,40.6,14.61988304,1.0,14.5,15.8,396
E02000234,Croydon 041,35.9,15.47729379,0.9,14.1,15.5,556
E02000235,Croydon 042,40.7,13.63163371,0.5,12.8,14.2,560
E02000236,Croydon 043,31.4,16.22678397,0.4,12.2,15.1,545
E02000237,Croydon 044,35.4,13.10043668,0.5,17.8,20.5,455
E02000238,Ealing 001,45.3,17.65612953,8.4,13.0,18.9,525
E02000239,Ealing 002,33.1,18.44380403,8.6,12.3,14.7,507
E02000240,Ealing 003,52.7,19.1886671,5.9,15.3,23.4,454
E02000241,Ealing 004,43.3,15.38461538,6.6,12.0,17.6,325
E02000242,Ealing 005,45.6,20.14218009,10.1,13.5,17.8,358
E02000243,Ealing 006,42.1,15.625,8.2,15.0,18.6,451
E02000244,Ealing 007,41.0,17.62785637,8.7,12.6,16.1,510
E02000245,Ealing 008,61.1,19.15384615,6.4,16.7,25.4,317
E02000246,Ealing 009,48.9,25.0,5.8,15.6,25.9,333
E02000247,Ealing 010,54.9,18.80286272,6.6,15.7,22.0,479
E02000248,Ealing 011,55.5,15.88785047,8.5,12.3,11.2,571
E02000249,Ealing 012,44.9,19.83556012,8.3,15.3,20.8,393
E02000250,Ealing 013,24.8,13.64705882,2.2,11.8,6.9,650
E02000251,Ealing 014,48.8,20.92793682,8.8,13.9,18.4,339
E02000252,Ealing 015,53.6,18.51520572,6.5,13.7,16.3,627
E02000253,Ealing 016,47.9,18.57651246,7.1,18.9,23.3,451
E02000254,Ealing 017,49.6,20.856102,10.3,15.6,20.5,341
E02000255,Ealing 018,50.8,19.31364725,4.5,13.3,12.5,702
E02000256,Ealing 019,40.0,14.46808511,3.6,11.8,7.3,957
E02000257,Ealing 020,45.2,15.1372549,5.4,11.7,7.6,1463
E02000258,Ealing 021,52.1,19.13580247,7.9,12.1,13.0,526
E02000259,Ealing 022,39.4,16.05504587,5.2,11.7,13.0,463
E02000260,Ealing 023,52.4,21.65354331,13.0,17.6,21.7,320
E02000261,Ealing 024,53.6,25.51781276,6.5,13.6,14.8,779
E02000262,Ealing 025,42.0,18.75616979,6.1,14.6,14.8,720
E02000263,Ealing 026,55.6,23.07157748,16.0,17.3,24.1,346
E02000264,Ealing 027,49.6,18.99371069,5.0,12.1,8.9,859
E02000265,Ealing 028,50.0,15.41984733,4.9,14.1,14.7,843
E02000266,Ealing 029,55.0,27.32240437,9.0,19.4,24.0,399
E02000267,Ealing 030,35.5,12.21621622,5.4,12.3,13.7,515
E02000268,Ealing 031,48.6,14.88095238,3.7,13.3,12.9,940
E02000269,Ealing 032,36.0,15.11017838,3.0,10.6,8.0,834
E02000270,Ealing 033,57.8,24.66793169,7.9,16.2,19.7,441
E02000271,Ealing 034,41.0,12.85189718,2.0,9.0,7.8,965
E02000272,Ealing 035,33.0,13.52657005,2.8,12.2,11.3,561
E02000274,Ealing 037,60.5,24.96924969,14.9,15.3,23.2,458
E02000275,Ealing 038,60.5,19.11057692,12.9,18.9,22.8,287
E02000276,Ealing 039,36.2,11.54345006,2.8,10.0,9.0,617
E02000277,Enfield 001,58.1,17.02755906,5.0,15.7,27.7,319
E02000278,Enfield 002,62.0,23.27402135,6.6,17.9,32.4,282
E02000279,Enfield 003,61.0,21.11702128,6.2,13.7,24.8,519
E02000280,Enfield 004,50.8,15.32599492,2.2,15.9,21.5,520
E02000281,Enfield 005,58.7,14.6539028,3.9,15.9,23.3,439
E02000282,Enfield 006,63.9,20.8281054,8.7,16.1,32.4,296
E02000283,Enfield 007,56.5,25.75406032,5.5,14.9,28.3,325
E02000284,Enfield 008,46.4,12.37209302,1.5,15.0,18.1,540
E02000285,Enfield 009,38.6,15.14124294,1.7,14.1,17.9,402
E02000286,Enfield 010,35.7,9.7799511,1.3,16.5,17.4,645
E02000287,Enfield 011,45.7,15.72739187,2.4,15.4,17.8,614
E02000288,Enfield 012,57.5,22.21514959,7.6,16.0,27.7,390
E02000289,Enfield 013,37.1,14.4057623,1.7,15.2,17.8,408
E02000290,Enfield 014,57.0,17.11851278,8.8,15.0,29.7,236
E02000291,Enfield 015,54.8,14.03212172,3.8,15.9,21.3,541
E02000292,Enfield 016,47.1,15.89928058,3.7,13.9,22.0,458
E02000293,Enfield 017,41.2,16.40826873,1.3,14.2,15.8,565
E02000294,Enfield 018,56.3,25.25814138,7.5,16.0,27.8,256
E02000295,Enfield 019,41.6,14.06945681,3.2,15.2,17.0,600
E02000296,Enfield 020,51.5,14.19529837,4.7,16.0,19.0,618
E02000297,Enfield 021,34.4,14.75256769,2.8,14.8,19.0,630
E02000298,Enfield 022,28.0,16.77083333,2.0,12.8,14.3,760
E02000299,Enfield 023,50.9,23.9546421,8.6,15.8,28.6,310
E02000300,Enfield 024,55.1,22.41238794,8.1,14.4,24.8,254
E02000301,Enfield 025,52.9,20.8358209,9.6,16.2,29.6,288
E02000302,Enfield 026,38.7,17.72853186,4.8,16.4,22.7,493
E02000303,Enfield 027,59.3,24.37357631,8.7,18.2,31.3,269
E02000304,Enfield 028,30.8,14.32958035,2.6,13.9,13.7,715
E02000305,Enfield 029,34.2,11.6097561,4.7,13.6,15.4,683
E02000306,Enfield 030,58.2,23.43647136,10.1,16.9,31.7,213
E02000307,Enfield 031,53.5,20.54317549,8.8,14.7,25.6,381
E02000308,Enfield 032,54.5,15.78947368,5.9,15.7,17.8,466
E02000309,Enfield 033,54.3,21.83976261,10.1,14.3,27.1,300
E02000311,Enfield 035,46.7,17.10825132,8.3,16.2,22.6,477
E02000312,Enfield 036,39.1,10.9947644,6.2,13.8,14.4,735
E02000313,Greenwich 001,49.5,24.4140625,3.0,14.1,23.5,275
E02000314,Greenwich 002,50.1,21.26410835,3.2,10.6,16.2,575
E02000315,Greenwich 003,53.6,24.75862069,2.2,16.8,27.9,328
E02000316,Greenwich 004,49.2,17.21854305,3.8,12.2,16.1,954
E02000317,Greenwich 005,55.8,21.95488722,4.9,16.5,25.3,270
E02000318,Greenwich 006,47.9,21.98049512,6.8,14.0,21.4,408
E02000319,Greenwich 007,46.7,18.27309237,5.2,13.0,18.8,518
E02000320,Greenwich 008,47.3,17.95121951,2.4,15.3,21.8,299
E02000321,Greenwich 009,52.2,19.25287356,4.9,16.9,25.4,324
E02000323,Greenwich 011,47.4,22.0952381,6.5,14.3,22.8,460
E02000324,Greenwich 012,51.7,22.2,3.6,19.4,25.5,353
E02000326,Greenwich 014,51.6,14.82254697,2.9,13.5,16.0,539
E02000327,Greenwich 015,53.6,26.46775746,4.5,13.1,20.1,568
E02000328,Greenwich 016,41.4,14.05184175,1.2,16.0,14.7,743
E02000329,Greenwich 017,39.6,16.87344913,2.0,17.0,23.5,298
E02000331,Greenwich 019,52.1,18.04435484,2.5,16.9,22.9,487
E02000332,Greenwich 020,42.4,16.5961945,1.6,14.1,16.0,480
E02000333,Greenwich 021,45.7,14.03508772,0.9,13.2,9.4,865
E02000334,Greenwich 022,43.0,17.81818182,2.8,17.8,24.6,417
E02000335,Greenwich 023,33.8,13.50059737,0.9,15.3,21.3,477
E02000337,Greenwich 025,46.2,18.03738318,1.7,19.8,31.3,360
E02000339,Greenwich 027,44.0,15.27777778,1.0,17.4,18.5,459
E02000340,Greenwich 028,44.9,14.63414634,1.0,17.7,21.2,441
E02000341,Greenwich 029,53.3,20.53333333,2.0,20.2,31.5,368
E02000342,Greenwich 030,52.4,16.80672269,1.6,15.0,21.7,305
E02000343,Greenwich 031,47.2,17.25394897,1.3,20.1,27.4,359
E02000344,Greenwich 032,32.7,13.11688312,1.4,16.0,23.3,445
E02000345,Hackney 001,45.8,44.85106383,9.9,10.1,32.0,262
E02000346,Hackney 002,55.3,20.72409488,11.4,20.2,27.6,221
E02000347,Hackney 003,51.5,38.53028798,8.4,13.0,28.6,302
E02000348,Hackney 004,51.3,35.60477002,10.2,14.1,31.1,236
E02000350,Hackney 006,40.6,24.18111753,6.7,11.7,16.6,678
E02000351,Hackney 007,53.3,17.42209632,4.8,11.5,11.2,941
E02000352,Hackney 008,44.5,24.6737841,4.6,15.9,18.9,522
E02000353,Hackney 009,42.2,14.38848921,3.7,11.9,12.4,795
E02000354,Hackney 010,55.5,21.29471891,7.0,17.1,21.0,507
E02000355,Hackney 011,47.3,20.42410714,6.0,15.6,17.5,562
E02000356,Hackney 012,38.9,14.38935913,4.1,12.0,11.8,707
E02000357,Hackney 013,53.5,26.28968254,7.3,18.6,27.6,192
E02000358,Hackney 014,54.5,15.73994867,6.0,14.7,17.0,888
E02000359,Hackney 015,54.5,25.0,5.4,14.8,19.7,427
E02000360,Hackney 016,51.0,20.02635046,6.5,15.6,20.6,657
E02000361,Hackney 017,51.1,17.47815231,5.0,13.5,16.1,597
E02000362,Hackney 018,57.0,25.0,4.0,18.2,22.3,380
E02000363,Hackney 019,57.2,22.39170226,7.2,16.3,26.2,416
E02000364,Hackney 020,47.1,16.468039,3.7,13.8,14.5,921
E02000365,Hackney 021,53.0,16.93171188,4.2,13.7,14.6,1480
E02000366,Hackney 022,52.6,21.1026616,4.5,16.8,22.6,589
E02000367,Hackney 023,48.3,17.32495512,3.3,11.7,12.9,977
E02000368,Hackney 024,58.4,22.46998285,6.4,17.8,22.8,625
E02000369,Hackney 025,56.4,18.08590806,5.8,15.4,19.6,1027
E02000370,Hackney 026,53.2,17.20542231,5.5,15.2,20.6,801
E02000371,Hackney 027,48.9,18.05128205,3.4,10.7,11.9,1754
E02000372,Hammersmith and Fulham 0,54.0,24.23112768,4.2,15.4,23.0,497
E02000373,Hammersmith and Fulham 0,55.4,24.0776699,6.3,16.4,25.7,261
E02000374,Hammersmith and Fulham 0,53.8,21.14882507,3.5,15.3,17.6,587
E02000375,Hammersmith and Fulham 0,52.3,17.6217765,3.5,15.0,15.1,729
E02000376,Hammersmith and Fulham 0,46.1,12.77258567,2.9,13.3,13.3,737
E02000377,Hammersmith and Fulham 0,47.8,16.44815256,3.1,13.7,14.4,748
E02000378,Hammersmith and Fulham 0,46.9,16.36363636,2.4,11.7,9.4,948
E02000379,Hammersmith and Fulham 0,50.0,19.20374707,2.7,13.6,11.0,780
E02000380,Hammersmith and Fulham 0,46.6,14.89698891,1.8,11.4,10.5,825
E02000381,Hammersmith and Fulham 0,42.0,16.94711538,2.0,10.8,9.5,1236
E02000382,Hammersmith and Fulham 0,54.5,16.47058824,2.5,12.4,9.9,694
E02000383,Hammersmith and Fulham 0,41.9,15.2758133,2.5,11.9,9.1,1206
E02000384,Hammersmith and Fulham 0,51.0,20.25677603,3.2,17.3,17.4,666
E02000385,Hammersmith and Fulham 0,47.7,8.547008547,1.8,8.5,6.7,1083
E02000386,Hammersmith and Fulham 0,49.2,19.27846674,3.6,15.4,17.1,753
E02000387,Hammersmith and Fulham 0,51.9,13.30998249,3.0,13.5,14.0,684
E02000388,Hammersmith and Fulham 0,47.4,14.13043478,1.9,12.6,12.8,1291
E02000389,Hammersmith and Fulham 0,35.9,15.18661519,1.7,10.9,10.7,1088
E02000390,Hammersmith and Fulham 0,48.0,16.80261011,2.5,12.4,12.5,935
E02000391,Hammersmith and Fulham 0,55.8,20.0,1.2,11.3,10.9,1353
E02000392,Hammersmith and Fulham 0,54.1,18.62269641,2.1,10.1,9.9,1715
E02000393,Hammersmith and Fulham 0,48.7,14.2599278,1.5,9.0,8.0,1185
E02000394,Hammersmith and Fulham 0,44.3,13.62048894,1.9,11.8,12.4,1103
E02000395,Hammersmith and Fulham 0,48.6,21.42857143,0.9,9.2,6.3,1119
E02000396,Hammersmith and Fulham 0,52.9,19.6801968,2.1,10.2,11.7,974
E02000397,Haringey 001,46.0,12.7388535,8.2,13.7,17.0,525
E02000398,Haringey 002,57.4,23.80090498,10.7,16.4,28.2,188
E02000400,Haringey 004,46.5,18.60019175,5.1,14.1,16.4,468
E02000401,Haringey 005,51.5,24.6728972,9.1,17.4,30.5,214
E02000402,Haringey 006,54.0,23.58402971,10.1,17.3,29.5,203
E02000403,Haringey 007,50.2,14.82444733,8.9,14.1,16.6,469
E02000404,Haringey 008,59.1,25.0,10.0,15.9,23.5,296
E02000405,Haringey 009,39.6,18.11111111,1.4,10.6,7.7,655
E02000406,Haringey 010,58.2,18.54304636,9.3,16.7,21.0,319
E02000407,Haringey 011,47.0,16.32841328,10.5,16.4,24.6,300
E02000408,Haringey 012,50.1,20.31114952,11.8,15.3,26.9,181
E02000409,Haringey 013,49.2,20.30401737,10.5,17.2,27.0,269
E02000410,Haringey 014,26.0,17.47815231,1.2,10.9,7.2,730
E02000411,Haringey 015,49.5,22.04568024,10.2,14.1,22.5,243
E02000412,Haringey 016,49.9,14.44174757,9.4,17.2,20.5,330
E02000413,Haringey 017,36.5,20.43314501,1.8,11.5,10.0,702
E02000414,Haringey 018,45.0,20.27600849,9.6,13.8,20.5,367
E02000415,Haringey 019,51.9,19.91465149,10.3,15.3,21.2,395
E02000416,Haringey 020,52.2,17.09786277,4.2,16.3,16.1,635
E02000417,Haringey 021,31.3,14.62140992,1.0,10.6,7.7,789
E02000418,Haringey 022,37.3,13.45609065,1.4,11.4,9.7,609
E02000419,Haringey 023,48.6,15.24163569,8.5,12.8,15.6,616
E02000420,Haringey 024,47.2,19.95708155,11.8,16.3,22.8,348
E02000421,Haringey 025,51.6,18.5492228,10.8,16.5,22.6,292
E02000422,Haringey 026,44.7,22.6640159,10.1,16.1,23.0,362
E02000423,Haringey 027,44.9,17.56097561,9.5,14.5,17.7,427
E02000424,Haringey 028,40.1,12.47139588,2.5,11.6,10.5,644
E02000425,Haringey 029,49.1,48.72611465,11.1,11.3,28.8,193
E02000426,Haringey 030,42.7,15.53133515,1.6,12.8,9.3,882
E02000427,Haringey 031,46.8,11.49253731,6.3,12.0,12.6,560
E02000428,Haringey 032,55.0,21.19565217,10.8,16.3,23.0,323
E02000429,Haringey 033,23.6,12.00527704,1.1,9.7,6.0,899
E02000430,Haringey 034,30.1,15.22346369,1.5,9.0,7.3,950
E02000431,Haringey 035,35.8,11.66936791,1.1,7.8,4.4,1032
E02000432,Haringey 036,46.6,16.32,2.8,12.4,10.4,645
E02000433,Harrow 001,41.9,14.625,3.1,20.2,20.2,661
E02000434,Harrow 002,47.2,18.87905605,3.8,16.0,16.5,619
E02000435,Harrow 003,53.8,20.13129103,3.5,18.8,19.5,507
E02000436,Harrow 004,25.0,13.74622356,2.3,14.7,13.7,507
E02000437,Harrow 005,40.3,18.47313855,3.9,16.2,18.1,484
E02000438,Harrow 006,47.1,17.07779886,3.4,17.3,19.6,535
E02000439,Harrow 007,50.3,18.04733728,8.2,14.2,22.1,442
E02000440,Harrow 008,30.7,18.11023622,4.6,12.6,15.1,611
E02000441,Harrow 009,43.4,15.49636804,3.2,17.2,17.2,458
E02000442,Harrow 010,41.3,20.58570198,9.7,12.7,21.9,396
E02000443,Harrow 011,45.8,23.50659426,7.4,15.1,21.3,447
E02000444,Harrow 012,43.6,17.74332472,7.1,13.4,19.5,428
E02000445,Harrow 013,49.9,17.15893108,7.3,14.4,18.8,421
E02000447,Harrow 015,48.1,16.24203822,3.7,14.7,14.1,469
E02000448,Harrow 016,37.6,14.49275362,1.5,13.9,10.5,612
E02000449,Harrow 017,45.5,16.90962099,10.8,16.2,24.5,404
E02000451,Harrow 019,28.4,14.0567201,2.8,13.6,12.3,439
E02000452,Harrow 020,44.4,12.88032454,5.0,12.1,12.6,527
E02000453,Harrow 021,42.1,16.93711968,5.0,13.1,12.6,506
E02000454,Harrow 022,30.4,14.74103586,1.6,11.6,11.3,548
E02000455,Harrow 023,48.0,12.04690832,4.1,13.8,11.9,550
E02000456,Harrow 024,46.5,15.70512821,3.9,14.3,13.2,436
E02000457,Harrow 025,31.2,18.53233831,3.7,13.8,12.8,378
E02000459,Harrow 027,46.6,17.44966443,6.4,14.7,16.4,414
E02000460,Harrow 028,47.0,19.92031873,6.1,15.4,19.1,228
E02000461,Harrow 029,43.4,10.18766756,2.5,10.6,10.3,720
E02000462,Harrow 030,41.8,18.97727273,7.3,14.3,18.0,310
E02000463,Harrow 031,47.9,21.31280389,6.0,14.5,19.0,385
E02000464,Havering 001,52.0,22.7771011,0.5,21.9,37.0,290
E02000465,Havering 002,54.7,19.98175182,0.6,19.1,32.5,370
E02000466,Havering 003,49.3,17.76785714,0.5,18.0,30.6,427
E02000467,Havering 004,55.3,20.14234875,0.9,20.7,35.0,390
E02000468,Havering 005,47.0,17.5204918,0.6,18.1,30.4,419
E02000469,Havering 006,46.9,19.14153132,1.3,21.6,33.7,284
E02000470,Havering 007,34.3,11.86046512,0.4,18.0,24.5,515
E02000471,Havering 008,35.5,15.14778325,0.4,16.5,26.5,443
E02000472,Havering 009,35.0,14.05975395,0.5,16.7,25.9,483
E02000473,Havering 010,34.7,14.77462437,0.4,15.1,23.1,642
E02000474,Havering 011,50.6,15.34246575,0.6,17.2,28.7,428
E02000475,Havering 012,47.7,12.73584906,0.5,14.8,19.3,766
E02000476,Havering 013,55.9,12.85855589,1.6,16.5,22.6,590
E02000477,Havering 014,29.9,15.20737327,0.5,15.0,20.7,677
E02000478,Havering 015,24.1,18.4991274,0.9,16.0,23.0,544
E02000479,Havering 016,40.1,12.20703125,1.6,15.2,21.9,490
E02000480,Havering 017,43.8,15.1026393,1.5,15.2,25.1,520
E02000481,Havering 018,29.2,11.51776103,0.4,19.7,27.1,447
E02000482,Havering 019,41.1,16.11111111,0.3,16.2,17.3,507
E02000483,Havering 020,35.4,11.83162685,0.6,19.1,26.8,471
E02000484,Havering 021,31.5,12.79296875,0.6,15.9,24.1,557
E02000485,Havering 022,33.6,13.27885598,0.5,16.4,22.6,522
E02000486,Havering 023,34.3,15.59405941,0.7,17.1,25.8,415
E02000487,Havering 024,21.5,14.67268623,0.2,15.0,17.2,632
E02000488,Havering 025,32.4,12.20379147,0.5,16.2,24.9,411
E02000489,Havering 026,46.4,17.25571726,0.9,18.3,27.3,374
E02000490,Havering 027,38.9,16.77148847,0.6,18.8,33.1,357
E02000491,Havering 028,51.6,19.82832618,1.0,18.3,32.1,435
E02000492,Havering 029,32.5,14.80406386,0.4,17.7,31.6,353
E02000493,Havering 030,51.7,16.21621622,1.2,15.3,27.8,308
E02000494,Hillingdon 001,39.5,13.22115385,1.3,14.5,13.1,669
E02000495,Hillingdon 002,41.6,10.65502183,2.0,15.8,15.9,731
E02000496,Hillingdon 003,40.1,14.07982262,0.7,17.6,23.8,524
E02000497,Hillingdon 004,34.4,14.18439716,1.3,15.1,16.7,599
E02000498,Hillingdon 005,29.4,14.49864499,0.5,15.5,18.9,417
E02000499,Hillingdon 006,26.0,16.06382979,1.2,14.0,14.4,500
E02000500,Hillingdon 007,35.0,16.29802095,1.1,14.1,13.3,635
E02000501,Hillingdon 008,32.8,12.63636364,0.8,13.8,16.6,513
E02000502,Hillingdon 009,31.7,14.98993964,1.3,14.0,16.6,533
E02000503,Hillingdon 010,30.3,12.48937978,1.1,11.5,15.7,669
E02000504,Hillingdon 011,19.4,15.00547645,0.7,14.4,14.8,530
E02000506,Hillingdon 013,36.7,15.78313253,1.1,14.9,15.0,617
E02000507,Hillingdon 014,38.5,16.70973299,1.5,12.9,16.9,434
E02000508,Hillingdon 015,35.6,11.95372751,2.2,12.2,12.4,523
E02000509,Hillingdon 016,48.2,14.66030989,2.6,10.9,11.7,443
E02000510,Hillingdon 017,40.6,16.58856607,2.0,15.1,18.7,514
E02000511,Hillingdon 018,42.2,17.73818745,3.2,14.5,20.8,422
E02000512,Hillingdon 019,48.6,18.70503597,2.9,16.4,24.3,379
E02000513,Hillingdon 020,55.6,20.82191781,5.3,13.4,24.3,359
E02000514,Hillingdon 021,49.8,22.10909091,7.3,14.7,21.1,393
E02000515,Hillingdon 022,45.6,14.68584406,2.7,14.4,20.8,591
E02000516,Hillingdon 023,45.3,18.38810642,6.0,12.7,17.7,365
E02000517,Hillingdon 024,48.4,21.73584906,5.8,16.1,25.9,332
E02000518,Hillingdon 025,50.7,19.9663016,2.4,16.9,26.9,383
E02000519,Hillingdon 026,58.0,23.75102375,6.5,16.6,25.4,358
E02000520,Hillingdon 027,53.7,21.76913425,6.9,14.4,23.4,487
E02000521,Hillingdon 028,49.6,22.36929186,3.9,14.4,24.6,488
E02000522,Hillingdon 029,50.4,18.00643087,3.0,15.3,22.8,480
E02000523,Hillingdon 030,48.1,22.64833575,7.2,12.9,19.7,367
E02000524,Hillingdon 031,52.5,16.18037135,3.7,13.7,21.6,505
E02000525,Hillingdon 032,50.1,17.5257732,6.2,12.6,20.2,384
E02000526,Hounslow 001,41.3,16.96035242,1.4,9.4,7.6,1264
E02000528,Hounslow 003,53.2,16.11940299,4.1,15.9,19.8,769
E02000529,Hounslow 004,52.3,17.31418919,8.4,14.9,18.0,355
E02000530,Hounslow 005,59.6,22.49269718,8.5,16.2,25.8,227
E02000531,Hounslow 006,41.3,11.9544592,2.6,13.0,15.5,829
E02000532,Hounslow 007,43.7,16.71018277,1.5,12.1,11.4,1175
E02000533,Hounslow 008,40.5,11.93016489,1.5,12.0,9.6,1090
E02000534,Hounslow 009,44.4,14.82233503,3.5,11.3,11.3,626
E02000535,Hounslow 010,50.8,20.48085485,7.5,14.9,16.8,390
E02000536,Hounslow 011,49.5,18.27411168,7.2,14.8,16.2,438
E02000537,Hounslow 012,33.9,12.58603736,6.2,12.3,10.5,480
E02000538,Hounslow 013,50.7,20.5908684,9.0,14.6,18.3,388
E02000539,Hounslow 014,45.8,17.82518926,3.1,13.3,15.9,771
E02000540,Hounslow 015,45.2,12.83185841,5.2,13.8,14.3,553
E02000541,Hounslow 016,52.2,17.33944954,8.3,17.2,19.6,370
E02000542,Hounslow 017,54.0,15.82014988,7.3,15.2,17.1,368
E02000543,Hounslow 018,43.7,12.22432262,6.5,10.6,12.3,617
E02000544,Hounslow 019,32.2,16.10087294,5.1,13.6,17.1,465
E02000545,Hounslow 020,54.1,18.721038,3.9,15.2,20.3,587
E02000546,Hounslow 021,57.8,20.04405286,7.0,13.0,16.3,391
E02000547,Hounslow 022,48.6,14.89686784,4.2,15.6,24.7,466
E02000548,Hounslow 023,49.6,19.3338749,3.4,16.0,25.0,526
E02000549,Hounslow 024,43.2,16.53872994,3.9,15.7,24.8,603
E02000550,Hounslow 025,49.3,17.76315789,3.0,11.7,22.0,478
E02000551,Hounslow 026,53.8,20.63492063,4.4,16.0,26.6,376
E02000552,Hounslow 027,46.6,14.08566722,2.5,11.3,19.6,498
E02000553,Hounslow 028,47.4,16.83277962,2.6,14.3,24.5,382
E02000554,Islington 001,56.9,15.39108495,4.2,18.8,19.3,543
E02000555,Islington 002,57.6,17.89375582,3.2,15.8,17.0,789
E02000556,Islington 003,49.4,14.25837321,4.0,16.2,15.6,790
E02000557,Islington 004,54.5,14.11764706,3.2,18.9,18.8,644
E02000558,Islington 005,57.9,22.91491154,7.6,20.4,27.5,453
E02000559,Islington 006,51.0,16.02787456,2.7,11.6,11.4,1197
E02000560,Islington 007,51.8,17.35074627,4.6,13.8,14.6,683
E02000561,Islington 008,47.7,15.82278481,1.8,12.2,10.4,854
E02000562,Islington 009,51.5,19.95438997,3.3,16.5,16.9,865
E02000563,Islington 010,57.1,21.50289017,4.1,19.0,21.8,545
E02000564,Islington 011,54.8,15.20086862,3.1,13.1,13.7,1245
E02000565,Islington 012,60.8,19.57186544,4.7,16.3,18.9,727
E02000566,Islington 013,47.2,15.80246914,2.5,12.3,11.6,1310
E02000567,Islington 014,61.2,14.31226766,2.8,15.4,16.8,1413
E02000568,Islington 015,60.7,21.60427807,4.2,19.7,23.9,537
E02000569,Islington 016,57.6,15.43985637,2.9,17.2,19.0,1230
E02000570,Islington 017,47.2,15.66878981,1.1,11.0,9.8,1550
E02000571,Islington 018,63.4,15.02293578,3.1,18.9,22.1,939
E02000572,Islington 019,56.6,19.91786448,5.4,18.4,25.3,512
E02000573,Islington 020,52.6,14.84149856,1.5,13.0,11.8,1801
E02000574,Islington 021,59.6,15.4340836,2.2,14.6,14.8,1178
E02000575,Islington 022,57.5,14.64585834,2.3,12.1,12.8,2000
E02000576,Islington 023,57.8,19.10229645,2.9,15.5,19.7,1095
E02000577,Kensington and Chelsea 0,57.0,19.48331539,5.5,21.2,24.9,432
E02000578,Kensington and Chelsea 0,54.9,19.11949686,3.8,22.1,26.0,320
E02000579,Kensington and Chelsea 0,52.4,17.83181358,2.7,16.4,15.5,1002
E02000580,Kensington and Chelsea 0,50.1,13.32518337,2.8,16.7,14.2,1232
E02000581,Kensington and Chelsea 0,57.3,20.15418502,4.0,22.0,24.9,500
E02000582,Kensington and Chelsea 0,49.6,17.85150079,1.6,9.9,6.2,1697
E02000583,Kensington and Chelsea 0,44.4,19.7875166,1.2,9.3,7.5,1558
E02000584,Kensington and Chelsea 0,49.4,15.93830334,1.7,8.4,4.5,1876
E02000585,Kensington and Chelsea 0,65.3,19.19642857,2.4,10.1,7.2,1380
E02000586,Kensington and Chelsea 0,42.3,17.09286676,1.7,6.4,4.1,1712
E02000587,Kensington and Chelsea 0,54.7,19.37669377,2.3,8.6,5.5,1541
E02000588,Kensington and Chelsea 0,40.8,16.98717949,1.6,6.7,5.0,2094
E02000589,Kensington and Chelsea 0,47.3,15.44342508,3.1,9.0,5.3,1804
E02000590,Kensington and Chelsea 0,53.8,15.57788945,2.6,14.3,12.4,1200
E02000591,Kensington and Chelsea 0,43.8,16.66666667,4.0,14.8,9.6,1088
E02000592,Kensington and Chelsea 0,44.4,17.75862069,1.2,6.1,3.6,1780
E02000593,Kensington and Chelsea 0,46.4,16.77018634,1.7,10.8,6.2,1711
E02000594,Kensington and Chelsea 0,49.5,16.4644714,1.1,12.4,9.0,1577
E02000595,Kensington and Chelsea 0,49.5,16.7721519,1.8,11.3,7.1,1545
E02000596,Kensington and Chelsea 0,42.3,17.10730949,1.2,8.0,4.8,1687
E02000597,Kensington and Chelsea 0,54.9,18.13403417,3.5,18.1,16.6,812
E02000598,Kingston upon Thames 001,27.7,14.8020654,1.0,10.5,10.7,737
E02000599,Kingston upon Thames 002,41.5,19.64497041,2.4,11.4,10.0,711
E02000600,Kingston upon Thames 003,46.2,15.91796875,2.5,10.4,9.4,658
E02000601,Kingston upon Thames 004,36.9,12.44019139,1.4,9.6,9.3,1026
E02000602,Kingston upon Thames 005,54.3,13.22393822,2.9,13.9,15.2,625
E02000603,Kingston upon Thames 006,44.8,18.58325667,4.1,13.9,18.7,450
E02000604,Kingston upon Thames 007,35.8,14.39588689,5.5,11.6,12.4,640
E02000605,Kingston upon Thames 008,30.7,15.15151515,3.9,14.1,14.8,608
E02000606,Kingston upon Thames 009,42.3,8.95334174,1.6,9.5,6.7,1070
E02000607,Kingston upon Thames 010,33.3,14.72972973,1.5,10.1,8.8,515
E02000608,Kingston upon Thames 011,40.2,7.518796992,1.5,10.6,7.4,717
E02000609,Kingston upon Thames 012,43.7,17.67151767,4.2,15.3,16.7,485
E02000610,Kingston upon Thames 013,43.3,10.3021978,1.8,14.9,11.6,768
E02000611,Kingston upon Thames 014,25.4,16.72203765,1.5,13.2,13.5,534
E02000612,Kingston upon Thames 015,26.5,13.94871795,2.4,13.5,15.0,560
E02000613,Kingston upon Thames 016,40.6,10.5620155,1.6,13.3,14.3,653
E02000614,Kingston upon Thames 017,33.8,14.63620981,3.4,13.1,18.4,446
E02000615,Kingston upon Thames 018,32.5,15.88114754,1.8,14.4,19.5,485
E02000616,Kingston upon Thames 019,30.9,13.81909548,1.1,11.8,19.0,396
E02000617,Kingston upon Thames 020,43.7,15.10966694,1.5,14.6,21.1,530
E02000619,Lambeth 002,49.2,18.77777778,3.8,16.0,20.2,694
E02000620,Lambeth 003,45.0,16.52173913,3.4,12.4,13.9,1069
E02000621,Lambeth 004,52.8,18.85245902,3.9,12.7,11.9,1261
E02000622,Lambeth 005,47.4,18.09651475,3.7,12.2,12.9,808
E02000623,Lambeth 006,48.3,16.2055336,5.9,14.3,19.1,643
E02000624,Lambeth 007,44.3,17.21132898,4.0,14.5,15.2,708
E02000625,Lambeth 008,50.3,20.68965517,6.9,13.5,19.1,582
E02000626,Lambeth 009,52.1,20.34739454,4.9,14.4,20.3,431
E02000627,Lambeth 010,49.8,16.42411642,4.2,12.1,13.3,979
E02000628,Lambeth 011,51.0,23.37349398,7.7,14.6,20.8,541
E02000629,Lambeth 012,47.3,16.83673469,2.1,10.2,10.4,1425
E02000630,Lambeth 013,48.2,18.37060703,1.8,10.8,9.1,1238
E02000631,Lambeth 014,43.2,16.12284069,2.9,12.0,11.9,824
E02000632,Lambeth 015,49.8,16.0,1.9,9.0,8.2,1470
E02000633,Lambeth 016,50.8,18.61702128,3.6,14.1,14.9,721
E02000634,Lambeth 017,55.9,20.03154574,2.6,14.1,14.6,779
E02000635,Lambeth 018,44.6,16.03498542,2.3,11.9,11.8,899
E02000636,Lambeth 019,51.5,19.66145833,1.4,7.8,6.1,1522
E02000637,Lambeth 020,47.3,13.87137453,2.2,10.9,10.1,924
E02000638,Lambeth 021,42.4,15.78014184,3.6,13.5,16.5,746
E02000639,Lambeth 022,50.7,18.85175664,5.8,13.8,17.3,456
E02000640,Lambeth 023,45.5,15.24201854,1.7,11.3,10.8,1164
E02000641,Lambeth 024,48.8,20.49364248,4.4,15.4,19.4,401
E02000642,Lambeth 025,47.3,16.31372549,2.4,13.3,13.7,735
E02000643,Lambeth 026,42.8,16.08961303,4.1,12.1,13.0,849
E02000644,Lambeth 027,38.3,13.45646438,3.6,11.9,12.8,681
E02000645,Lambeth 028,42.7,14.37648928,3.1,11.3,12.1,811
E02000646,Lambeth 029,42.1,14.46188341,4.3,12.3,12.3,908
E02000647,Lambeth 030,44.1,16.20658949,2.7,13.9,14.1,622
E02000648,Lambeth 031,50.9,17.77084957,2.8,16.6,23.3,357
E02000649,Lambeth 032,45.3,14.20074349,5.3,11.3,12.6,945
E02000650,Lambeth 033,46.1,16.40776699,2.3,14.4,18.1,482
E02000651,Lambeth 034,41.5,13.58249772,4.5,12.8,15.0,658
E02000652,Lambeth 035,42.5,23.2049948,7.1,14.7,18.4,351
E02000653,Lewisham 001,49.8,20.94474153,4.0,12.4,16.6,605
E02000654,Lewisham 002,52.1,21.32780083,6.5,14.5,21.8,395
E02000655,Lewisham 003,46.5,18.50802644,4.0,12.6,17.0,485
E02000657,Lewisham 005,40.1,15.24861878,2.9,11.6,12.3,577
E02000658,Lewisham 006,47.0,15.46723953,3.6,13.6,14.3,558
E02000659,Lewisham 007,41.6,14.62217861,3.0,12.7,14.3,766
E02000660,Lewisham 008,39.0,12.10340776,1.9,11.2,11.2,735
E02000661,Lewisham 009,38.0,11.55015198,1.3,13.0,11.9,817
E02000662,Lewisham 010,36.3,15.51724138,3.2,12.6,14.5,534
E02000663,Lewisham 011,36.2,14.30429129,3.5,12.0,11.3,509
E02000664,Lewisham 012,52.4,12.36947791,4.8,15.5,17.4,618
E02000665,Lewisham 013,39.1,12.83095723,3.0,13.8,15.2,631
E02000666,Lewisham 014,41.0,13.81048387,3.1,13.3,14.3,539
E02000667,Lewisham 015,32.8,10.51401869,2.2,11.8,14.8,450
E02000668,Lewisham 016,41.4,12.13808463,1.9,13.5,13.9,497
E02000669,Lewisham 017,47.2,14.04072883,2.7,12.9,14.3,573
E02000670,Lewisham 018,49.6,16.17795753,3.1,15.6,18.9,276
E02000671,Lewisham 019,43.3,12.31481481,2.0,14.1,15.6,633
E02000672,Lewisham 020,43.6,16.54991243,3.3,16.0,17.2,416
E02000673,Lewisham 021,37.3,17.9090029,1.8,11.0,11.2,726
E02000674,Lewisham 022,38.6,19.29666366,3.0,14.8,17.5,417
E02000675,Lewisham 023,38.1,12.75229358,2.2,14.4,19.3,538
E02000676,Lewisham 024,46.4,13.67521368,1.7,13.3,15.0,598
E02000677,Lewisham 025,33.3,17.07589286,2.8,14.2,17.1,444
E02000678,Lewisham 026,43.0,17.8,2.2,16.4,26.4,265
E02000679,Lewisham 027,48.3,14.61397059,2.3,14.7,17.4,509
E02000680,Lewisham 028,43.9,13.7295082,2.8,15.0,17.1,424
E02000681,Lewisham 029,44.0,19.96542783,2.4,17.8,25.1,387
E02000682,Lewisham 030,46.4,19.62025316,3.2,17.1,25.5,318
E02000683,Lewisham 031,54.2,16.52452026,2.2,18.7,26.9,287
E02000685,Lewisham 033,44.1,14.75095785,2.0,16.0,19.4,429
E02000686,Lewisham 034,48.4,17.99462847,2.5,17.1,25.8,232
E02000687,Lewisham 035,36.7,13.50826045,1.8,15.7,18.1,488
E02000689,Merton 001,44.2,14.61609621,1.2,8.6,7.1,1010
E02000690,Merton 002,49.2,20.36753446,1.4,12.4,8.2,806
E02000691,Merton 003,36.1,17.27616646,1.2,9.2,7.6,972
E02000692,Merton 004,35.7,13.59773371,1.6,10.4,6.0,1254
E02000693,Merton 005,33.3,9.635722679,3.8,10.1,10.3,900
E02000694,Merton 006,38.0,11.41141141,1.8,10.2,11.1,1127
E02000695,Merton 007,39.7,18.38006231,7.7,14.1,16.2,475
E02000696,Merton 008,37.6,14.16184971,7.0,11.7,16.5,525
E02000697,Merton 009,40.9,10.93560146,1.5,8.1,6.0,1124
E02000698,Merton 010,38.0,16.50197628,1.3,10.9,7.5,939
E02000699,Merton 011,25.0,13.0787037,1.3,9.2,8.0,899
E02000700,Merton 012,42.7,16.19396157,5.0,13.5,19.3,466
E02000701,Merton 013,42.0,17.6276771,7.0,13.7,20.4,416
E02000702,Merton 014,39.3,16.92982456,4.9,14.5,21.5,357
E02000703,Merton 015,34.3,17.59162304,2.1,12.4,12.1,699
E02000704,Merton 016,40.1,11.30876747,2.3,13.4,14.7,691
E02000705,Merton 017,30.2,20.30965392,5.1,14.4,18.9,402
E02000706,Merton 018,42.8,18.81113619,5.7,15.2,24.0,351
E02000707,Merton 019,41.6,22.70042194,3.0,13.6,22.2,267
E02000708,Merton 020,39.2,13.88638413,3.4,12.0,13.4,587
E02000709,Merton 021,31.0,16.55629139,2.2,13.9,16.6,546
E02000710,Merton 022,38.3,16.71335201,3.7,17.8,24.0,405
E02000711,Merton 023,45.6,17.76971895,5.2,15.5,22.0,430
E02000712,Merton 024,45.7,17.32217573,3.4,17.0,24.1,448
E02000713,Merton 025,29.9,14.3006263,1.7,13.8,21.8,459
E02000714,Newham 001,47.3,21.80312787,8.6,12.5,18.5,382
E02000715,Newham 002,59.0,31.23209169,10.0,15.5,22.9,187
E02000716,Newham 003,45.9,24.18367347,10.2,14.2,21.0,274
E02000717,Newham 004,53.8,27.44014733,11.7,14.7,21.6,231
E02000718,Newham 005,54.8,29.77941176,9.8,15.5,23.6,143
E02000719,Newham 006,38.7,21.9047619,8.3,13.1,17.3,380
E02000720,Newham 007,42.8,25.25366404,10.0,13.6,18.9,289
E02000721,Newham 008,51.8,26.44770959,12.0,13.8,21.3,307
E02000722,Newham 009,44.8,19.18542337,7.9,12.6,16.3,546
E02000723,Newham 010,50.3,27.7866242,11.9,14.7,19.2,276
E02000724,Newham 011,61.6,31.33561644,11.7,14.7,21.5,263
E02000725,Newham 012,41.6,16.8618267,6.5,11.9,14.3,689
E02000726,Newham 013,46.5,18.28316611,6.3,11.3,13.6,659
E02000727,Newham 014,54.4,28.96622313,11.9,13.5,19.4,213
E02000728,Newham 015,50.3,25.57286893,10.4,13.8,18.1,238
E02000729,Newham 016,45.9,23.13953488,10.1,14.3,20.6,335
E02000730,Newham 017,60.4,26.63414634,12.5,15.2,21.1,274
E02000731,Newham 018,57.5,26.22814321,10.9,13.4,18.4,294
E02000732,Newham 019,61.7,28.58508604,10.5,15.8,24.6,166
E02000733,Newham 020,50.6,27.99043062,7.5,13.7,22.1,434
E02000734,Newham 021,49.3,27.13026445,7.7,14.3,21.9,291
E02000735,Newham 022,61.0,26.07329843,10.6,14.9,22.5,253
E02000736,Newham 023,52.7,27.93553338,8.8,14.7,23.6,223
E02000737,Newham 024,45.2,27.6534296,7.6,14.7,22.1,287
E02000738,Newham 025,51.1,29.64254577,8.7,12.5,20.3,261
E02000739,Newham 026,48.0,22.02835333,8.3,14.2,21.5,290
E02000740,Newham 027,51.6,21.99349946,6.5,14.6,22.3,260
E02000741,Newham 028,50.9,24.54394693,8.1,13.5,22.2,287
E02000742,Newham 029,50.7,27.08333333,7.5,14.1,23.8,259
E02000743,Newham 030,52.0,24.45255474,7.2,17.0,27.3,246
E02000744,Newham 031,49.0,21.11959288,7.5,14.2,26.0,307
E02000745,Newham 032,42.7,20.41322314,8.0,12.8,22.1,412
E02000746,Newham 033,44.3,17.34795613,6.8,15.0,19.6,291
E02000747,Newham 034,52.0,24.55985915,4.4,13.6,20.9,822
E02000748,Newham 035,40.1,14.05919662,8.4,11.7,17.4,335
E02000749,Newham 036,46.5,23.72204473,5.1,16.4,28.9,298
E02000750,Newham 037,46.7,18.96678967,3.9,9.1,14.1,900
E02000751,Redbridge 001,26.3,16.31445478,0.8,14.9,15.0,1069
E02000752,Redbridge 002,50.5,18.47715736,2.0,21.8,31.2,313
E02000753,Redbridge 003,48.1,17.34357849,2.7,18.9,26.4,317
E02000754,Redbridge 004,47.1,14.75595914,2.1,14.3,18.9,448
E02000755,Redbridge 005,39.1,11.75656985,1.3,15.2,21.1,334
E02000756,Redbridge 006,48.7,15.33180778,2.6,15.4,21.2,802
E02000757,Redbridge 007,39.5,13.13347609,1.1,12.1,12.3,1186
E02000758,Redbridge 008,44.5,20.66326531,3.2,17.1,23.1,293
E02000759,Redbridge 009,39.4,15.97908193,2.8,12.3,15.9,881
E02000760,Redbridge 010,52.6,15.97151577,3.2,16.8,23.6,384
E02000762,Redbridge 012,39.7,19.12144703,3.8,16.6,17.2,336
E02000763,Redbridge 013,42.8,20.54108216,4.1,15.6,19.6,344
E02000764,Redbridge 014,34.8,12.16640502,1.6,16.3,14.9,1229
E02000765,Redbridge 015,42.3,19.6239718,4.8,15.1,17.2,305
E02000767,Redbridge 017,43.1,18.77890842,4.0,15.5,19.6,371
E02000768,Redbridge 018,25.2,15.39528433,1.4,13.4,13.8,556
E02000769,Redbridge 019,49.7,19.14311759,3.4,13.9,18.5,640
E02000770,Redbridge 020,43.7,25.94296228,5.9,14.2,17.6,350
E02000772,Redbridge 022,57.0,21.95540309,6.4,14.4,18.3,363
E02000773,Redbridge 023,50.6,23.10418143,6.0,12.8,17.3,382
E02000774,Redbridge 024,63.7,23.64380757,7.9,14.3,18.5,272
E02000776,Redbridge 026,54.9,25.02818489,6.2,14.0,16.2,312
E02000777,Redbridge 027,35.6,15.05944518,2.1,16.2,16.4,512
E02000779,Redbridge 029,53.2,15.4772141,7.1,13.7,16.9,332
E02000780,Redbridge 030,64.9,27.04252269,8.9,13.3,18.6,502
E02000781,Redbridge 031,42.9,26.2605042,5.9,14.8,20.5,588
E02000782,Redbridge 032,66.0,26.55571635,9.8,14.4,19.8,271
E02000783,Redbridge 033,67.6,27.71599658,8.2,14.7,20.5,217
E02000784,Richmond upon Thames 001,42.1,19.18335901,0.9,11.1,9.1,1463
E02000785,Richmond upon Thames 002,34.0,13.15789474,0.9,9.9,5.8,1370
E02000786,Richmond upon Thames 003,39.1,13.55072464,0.8,10.4,9.8,1546
E02000787,Richmond upon Thames 004,43.9,14.24354244,1.6,11.5,11.6,1293
E02000788,Richmond upon Thames 005,29.9,14.15174766,0.9,9.7,7.6,1148
E02000789,Richmond upon Thames 006,33.9,15.83452211,1.1,10.9,8.8,927
E02000790,Richmond upon Thames 007,29.4,13.3938706,0.5,7.4,5.4,896
E02000791,Richmond upon Thames 008,31.2,11.32404181,0.7,8.9,5.1,1075
E02000792,Richmond upon Thames 009,37.0,15.64102564,0.9,10.7,6.4,1037
E02000793,Richmond upon Thames 010,39.4,14.63654224,1.8,14.4,16.8,566
E02000794,Richmond upon Thames 011,31.8,14.03091558,0.9,10.7,10.4,716
E02000795,Richmond upon Thames 012,35.5,21.16040956,0.7,11.0,9.3,824
E02000796,Richmond upon Thames 013,47.6,17.00581395,2.5,15.3,20.4,572
E02000797,Richmond upon Thames 014,35.9,8.8639201,0.8,8.1,6.4,953
E02000798,Richmond upon Thames 015,27.7,11.78861789,1.3,12.0,13.4,948
E02000799,Richmond upon Thames 016,32.0,15.63342318,0.4,8.9,6.2,694
E02000800,Richmond upon Thames 017,44.6,16.20029455,1.3,14.9,17.3,338
E02000801,Richmond upon Thames 018,25.9,11.62255466,0.5,8.7,7.9,753
E02000802,Richmond upon Thames 019,23.9,13.23692992,0.7,13.0,11.4,701
E02000803,Richmond upon Thames 020,40.8,13.21695761,1.4,15.6,17.6,688
E02000804,Richmond upon Thames 021,26.8,14.23611111,0.5,11.8,8.4,805
E02000805,Richmond upon Thames 022,43.0,14.46776612,0.9,12.3,10.0,1069
E02000806,Richmond upon Thames 023,39.1,11.28165771,0.6,13.0,12.5,917
E02000807,Southwark 001,41.7,8.947368421,1.4,9.1,10.0,1251
E02000808,Southwark 002,47.8,15.05016722,1.7,11.3,10.8,1483
E02000809,Southwark 003,49.3,10.82802548,1.1,6.7,6.4,3238
E02000810,Southwark 004,52.7,16.85499058,2.5,14.5,19.8,878
E02000812,Southwark 006,44.4,16.51560926,2.3,13.6,14.4,1111
E02000813,Southwark 007,51.4,18.21705426,3.2,14.7,20.7,647
E02000814,Southwark 008,39.5,11.27717391,2.2,9.9,10.8,1173
E02000815,Southwark 009,40.6,17.67955801,3.6,9.0,9.6,747
E02000816,Southwark 010,49.7,15.59714795,2.9,15.4,23.8,606
E02000817,Southwark 011,52.6,15.38461538,3.9,20.4,29.9,325
E02000818,Southwark 012,40.0,18.56060606,3.9,16.2,21.4,503
E02000819,Southwark 013,48.3,19.3236715,4.2,15.5,20.9,455
E02000820,Southwark 014,45.4,19.39799331,3.5,14.1,17.0,697
E02000821,Southwark 015,43.7,22.13868003,6.0,14.6,22.6,343
E02000822,Southwark 016,45.9,19.84126984,5.5,14.5,21.7,382
E02000823,Southwark 017,44.1,19.02113459,4.7,15.0,19.2,514
E02000824,Southwark 018,47.7,25.61750176,4.4,14.9,22.0,327
E02000825,Southwark 019,46.0,21.05943152,4.7,13.8,19.6,430
E02000826,Southwark 020,38.2,20.44247788,4.3,13.7,17.8,490
E02000827,Southwark 021,37.1,19.44240646,4.8,14.2,19.0,571
E02000828,Southwark 022,50.6,20.39586919,5.5,15.3,20.4,395
E02000829,Southwark 023,43.9,16.18969747,4.1,17.5,20.4,590
E02000830,Southwark 024,44.1,18.09421842,2.0,12.6,11.6,906
E02000831,Southwark 025,42.5,13.62445415,2.5,14.2,14.3,810
E02000832,Southwark 026,46.8,20.1509434,2.9,17.6,21.7,497
E02000833,Southwark 027,39.1,16.54545455,3.0,11.5,14.6,480
E02000834,Southwark 028,39.6,11.75869121,1.2,12.2,11.3,1030
E02000835,Southwark 029,46.6,13.31417625,2.0,13.7,16.6,516
E02000836,Southwark 030,33.9,13.61003861,1.2,11.8,11.5,955
E02000837,Southwark 031,32.5,20.7852194,0.8,9.3,8.1,1209
E02000838,Southwark 032,42.3,14.1285956,1.4,13.0,13.9,852
E02000839,Southwark 033,47.9,16.27246925,1.6,14.1,12.7,705
E02000840,Sutton 001,47.9,15.48242334,1.7,16.9,28.1,370
E02000841,Sutton 002,48.0,16.90245719,2.4,16.3,27.5,400
E02000842,Sutton 003,34.7,15.83756345,1.5,14.4,21.6,451
E02000843,Sutton 004,42.1,14.02142162,1.2,11.7,18.5,508
E02000844,Sutton 005,35.8,15.44571933,1.2,15.4,23.4,419
E02000845,Sutton 006,34.2,11.34421134,2.1,11.3,15.9,630
E02000846,Sutton 007,36.5,13.4595163,1.3,15.7,20.5,397
E02000847,Sutton 008,32.4,13.43984962,1.3,14.6,19.2,576
E02000848,Sutton 009,25.1,16.57559199,1.0,11.7,18.8,472
E02000849,Sutton 010,42.5,14.84759095,1.0,14.4,17.4,444
E02000850,Sutton 011,31.0,14.80169972,1.0,13.6,19.8,604
E02000851,Sutton 012,53.3,11.79941003,2.6,17.3,21.5,515
E02000852,Sutton 013,34.0,11.37055838,1.0,11.7,17.0,523
E02000853,Sutton 014,37.5,11.88299817,1.8,12.7,17.7,509
E02000854,Sutton 015,39.2,14.2384106,0.6,13.4,15.1,556
E02000855,Sutton 016,29.5,13.94891945,1.2,12.6,13.6,567
E02000856,Sutton 017,29.1,13.16831683,1.2,13.3,15.0,613
E02000857,Sutton 018,40.6,8.05134189,1.7,15.2,13.8,622
E02000858,Sutton 019,52.2,19.37602627,1.5,16.9,25.3,321
E02000859,Sutton 020,43.7,14.87854251,1.2,17.5,18.2,564
E02000860,Sutton 021,42.9,10.40935673,2.1,17.0,17.5,580
E02000861,Sutton 022,25.3,16.68496158,0.6,11.7,11.2,625
E02000863,Sutton 024,35.3,17.24137931,0.7,15.0,17.6,514
E02000864,Tower Hamlets 001,58.5,27.42268041,5.4,18.4,28.6,508
E02000865,Tower Hamlets 002,63.1,29.30174564,8.4,17.0,24.6,401
E02000866,Tower Hamlets 003,51.6,25.05263158,4.3,13.4,19.5,861
E02000867,Tower Hamlets 004,59.2,23.47826087,4.6,11.6,16.0,1071
E02000868,Tower Hamlets 005,69.7,33.45454545,6.9,13.3,19.5,586
E02000869,Tower Hamlets 006,57.9,25.68807339,6.9,16.8,21.9,537
E02000870,Tower Hamlets 007,57.1,28.41068917,6.3,15.6,23.6,435
E02000871,Tower Hamlets 008,65.2,31.0137457,10.3,14.3,24.6,323
E02000872,Tower Hamlets 009,67.0,30.88023088,8.4,13.9,19.6,765
E02000873,Tower Hamlets 010,66.5,31.41426783,8.1,12.0,16.5,389
E02000874,Tower Hamlets 011,66.2,35.4679803,11.4,15.6,23.9,321
E02000875,Tower Hamlets 012,66.6,34.16046319,10.3,14.2,24.4,470
E02000876,Tower Hamlets 013,78.1,29.24242424,10.5,14.6,19.1,488
E02000877,Tower Hamlets 014,60.0,33.65695793,10.3,14.0,24.3,415
E02000878,Tower Hamlets 015,75.6,27.41116751,10.7,13.6,17.2,1215
E02000879,Tower Hamlets 016,64.6,33.58681876,9.8,18.4,26.3,373
E02000880,Tower Hamlets 017,64.2,29.13256956,10.7,15.3,23.1,317
E02000881,Tower Hamlets 018,66.1,35.17382413,9.2,15.4,29.2,265
E02000882,Tower Hamlets 019,65.7,35.47826087,11.0,16.4,27.5,332
E02000883,Tower Hamlets 020,62.6,32.27561197,10.0,18.3,31.9,263
E02000884,Tower Hamlets 021,73.8,27.25968436,10.2,11.2,13.6,1426
E02000885,Tower Hamlets 022,67.5,33.65617433,12.2,18.3,27.2,337
E02000886,Tower Hamlets 023,61.3,25.40322581,7.6,12.3,17.1,1022
E02000887,Tower Hamlets 024,62.0,27.17569787,9.8,15.0,26.4,412
E02000888,Tower Hamlets 025,59.9,29.19389978,8.8,10.7,16.5,1066
E02000889,Tower Hamlets 026,56.2,24.79871176,6.9,11.8,15.7,935
E02000890,Tower Hamlets 027,40.6,13.50649351,2.5,8.8,8.8,1349
E02000891,Tower Hamlets 028,58.2,22.46203038,4.8,8.2,11.6,1902
E02000893,Tower Hamlets 030,58.3,17.3053152,5.1,14.2,20.3,611
E02000894,Tower Hamlets 031,58.7,15.32921811,4.6,7.7,11.2,1490
E02000895,Waltham Forest 001,46.1,17.70623742,2.0,20.0,29.1,380
E02000896,Waltham Forest 002,39.6,13.17073171,1.0,16.2,19.9,677
E02000897,Waltham Forest 003,49.3,17.59776536,2.1,19.8,29.3,445
E02000898,Waltham Forest 004,48.0,14.96598639,2.1,18.4,26.3,407
E02000899,Waltham Forest 005,36.0,14.4,2.7,16.5,25.2,454
E02000900,Waltham Forest 006,49.5,20.12522361,3.2,16.7,26.3,360
E02000901,Waltham Forest 007,35.7,15.56082148,1.5,15.1,18.4,597
E02000902,Waltham Forest 008,46.9,20.92050209,3.6,14.4,22.0,404
E02000903,Waltham Forest 009,55.4,24.4478294,6.5,16.9,26.3,377
E02000904,Waltham Forest 010,47.0,18.12816189,4.4,12.4,18.6,446
E02000905,Waltham Forest 011,47.7,19.1376702,6.7,13.5,19.7,442
E02000906,Waltham Forest 012,48.3,20.29548989,7.2,12.8,20.7,444
E02000907,Waltham Forest 013,53.8,25.94936709,6.7,16.3,24.7,376
E02000908,Waltham Forest 014,45.1,15.98455598,6.7,12.7,18.0,602
E02000909,Waltham Forest 015,42.4,15.42416452,4.2,13.2,16.8,543
E02000910,Waltham Forest 016,51.7,16.76646707,7.9,14.4,17.3,617
E02000911,Waltham Forest 017,49.7,19.30555556,7.7,13.4,19.4,526
E02000912,Waltham Forest 018,46.6,25.71202532,8.1,15.7,23.0,404
E02000913,Waltham Forest 019,48.8,23.51797862,6.6,14.4,19.4,467
E02000914,Waltham Forest 020,56.5,25.67272727,10.8,15.7,23.0,364
E02000915,Waltham Forest 021,45.3,16.48471616,4.3,13.7,16.6,614
E02000916,Waltham Forest 022,45.7,18.58887381,8.6,12.1,21.7,380
E02000917,Waltham Forest 023,34.0,19.1626409,7.8,10.5,16.0,444
E02000918,Waltham Forest 024,49.5,17.60435572,5.6,12.7,16.8,558
E02000919,Waltham Forest 025,45.8,18.9,7.8,12.4,16.9,528
E02000920,Waltham Forest 026,51.5,21.02519548,7.2,14.0,18.8,419
E02000921,Waltham Forest 027,55.0,24.28958051,6.5,14.1,20.0,475
E02000922,Waltham Forest 028,41.3,20.03081664,8.3,12.8,18.3,483
E02000923,Wandsworth 001,37.0,12.30283912,1.5,10.7,9.0,1294
E02000924,Wandsworth 002,52.1,15.65703635,3.6,11.9,13.6,1324
E02000925,Wandsworth 003,49.7,19.65020576,2.4,14.6,17.6,775
E02000926,Wandsworth 004,49.8,15.25658807,1.6,9.8,9.9,1472
E02000927,Wandsworth 005,54.9,13.44262295,0.9,14.1,17.0,927
E02000928,Wandsworth 006,39.8,16.30804077,0.6,8.6,7.5,1414
E02000929,Wandsworth 007,49.5,18.63488624,3.0,15.3,21.9,422
E02000930,Wandsworth 008,46.5,10.62416999,1.0,8.5,7.7,1742
E02000931,Wandsworth 009,33.8,14.40377804,0.7,6.4,5.3,1818
E02000932,Wandsworth 010,43.9,12.6778784,1.2,6.3,5.1,2065
E02000933,Wandsworth 011,45.2,19.12632822,1.2,10.3,9.2,1322
E02000934,Wandsworth 012,39.6,11.01573677,1.2,9.0,8.7,1632
E02000935,Wandsworth 013,57.4,19.47115385,4.1,15.8,18.7,286
E02000936,Wandsworth 014,53.5,15.69282137,1.5,11.8,8.5,1166
E02000937,Wandsworth 015,37.6,19.70649895,1.0,8.1,7.1,1449
E02000938,Wandsworth 016,52.7,16.72661871,2.6,16.7,17.7,781
E02000939,Wandsworth 017,50.8,18.52534562,1.2,9.1,7.6,1354
E02000940,Wandsworth 018,51.0,17.20183486,3.4,11.4,14.7,819
E02000941,Wandsworth 019,43.7,19.05187835,1.2,9.3,9.8,1598
E02000942,Wandsworth 020,34.2,21.34423252,2.1,8.7,7.9,1332
E02000943,Wandsworth 021,37.6,18.85790173,1.4,8.5,7.5,1452
E02000944,Wandsworth 022,47.9,21.13459399,4.1,15.1,17.3,585
E02000945,Wandsworth 023,48.1,21.20051086,4.2,16.0,18.7,343
E02000946,Wandsworth 024,46.9,18.43137255,2.9,13.6,15.9,1000
E02000947,Wandsworth 025,38.3,9.359104781,1.2,8.8,8.6,1204
E02000948,Wandsworth 026,46.9,13.08176101,1.3,9.1,8.0,1577
E02000949,Wandsworth 027,31.2,20.24291498,1.0,10.0,7.0,1573
E02000950,Wandsworth 028,46.0,18.87694146,3.0,10.8,12.2,803
E02000951,Wandsworth 029,43.4,16.34446397,1.8,13.0,10.0,831
E02000952,Wandsworth 030,50.4,23.27447833,2.4,11.7,10.1,817
E02000953,Wandsworth 031,37.1,14.09883721,2.1,9.1,10.4,860
E02000954,Wandsworth 032,57.5,22.44897959,4.5,12.0,13.0,560
E02000955,Wandsworth 033,53.3,17.40696279,4.9,14.3,18.0,429
E02000956,Wandsworth 034,55.5,20.69857697,4.6,12.5,14.4,511
E02000957,Wandsworth 035,53.5,16.2138475,5.5,12.7,13.5,820
E02000958,Wandsworth 036,39.2,19.8156682,3.4,13.1,14.4,563
E02000959,Wandsworth 037,49.8,17.49745677,4.9,13.9,16.9,488
E02000960,Westminster 001,49.6,14.36781609,4.2,13.9,11.7,1133
E02000961,Westminster 002,60.5,23.67972743,4.7,13.9,13.7,1325
E02000962,Westminster 003,56.2,19.63636364,4.9,16.9,14.0,1142
E02000963,Westminster 004,56.6,24.21203438,5.7,19.9,23.8,594
E02000964,Westminster 005,56.5,19.64769648,4.8,18.2,19.0,998
E02000965,Westminster 006,56.9,16.23449831,3.2,11.5,9.8,1485
E02000966,Westminster 007,50.9,15.40880503,3.8,11.5,8.5,1983
E02000967,Westminster 008,58.5,12.62729124,2.6,9.1,6.4,1499
E02000968,Westminster 009,67.4,28.81172002,9.9,22.8,27.7,737
E02000969,Westminster 010,62.4,26.11464968,7.5,21.3,25.8,505
E02000970,Westminster 011,40.2,10.2739726,1.7,8.2,5.9,2363
E02000971,Westminster 012,55.9,15.81632653,3.8,11.0,9.0,1719
E02000972,Westminster 013,57.3,18.1122449,3.5,13.2,10.1,1602
E02000973,Westminster 014,54.1,16.52281134,2.7,12.9,8.9,2052
E02000974,Westminster 015,65.9,18.99736148,5.6,12.7,13.2,1347
E02000975,Westminster 016,55.0,13.12607945,3.5,8.6,5.9,1958
E02000976,Westminster 017,55.9,18.72399445,4.1,11.0,7.8,1870
E02000977,Westminster 018,44.3,11.14551084,3.3,11.0,9.4,1722
E02000978,Westminster 019,50.9,17.37849779,2.3,6.0,5.7,1792
E02000979,Westminster 020,46.3,15.26845638,2.9,13.2,10.8,1574
E02000980,Westminster 021,57.3,18.15889029,3.8,16.5,14.0,1253
E02000981,Westminster 022,46.5,15.78947368,2.1,11.6,7.6,1923
E02000982,Westminster 023,61.3,19.93087558,4.1,16.8,15.8,1009
E02000983,Westminster 024,55.6,20.67567568,3.5,17.6,16.9,1158
E02006782,Bromley 040,43.9,15.68627451,1.1,18.0,22.6,475
E02006783,Lewisham 037,50.7,18.64820847,2.2,18.1,30.1,239
E02006784,Lewisham 038,47.1,19.98060136,2.2,19.6,30.2,319
E02006785,Bexley 029,40.3,16.79586563,1.6,18.3,27.3,289
E02006786,Greenwich 033,46.8,18.28571429,2.9,14.7,22.1,268
E02006787,Bromley 041,29.6,13.65313653,0.5,13.1,16.7,501
E02006788,Croydon 045,39.5,17.84860558,1.8,14.9,21.3,294
E02006789,Bromley 042,36.5,15.07607192,0.1,15.8,21.1,542
E02006791,Ealing 040,43.4,11.88118812,2.3,11.2,10.2,897
E02006792,Hounslow 029,45.2,13.69127517,2.4,12.4,9.2,1093
E02006793,Enfield 037,59.7,20.46543463,12.1,16.4,30.6,274
E02006794,Haringey 037,58.7,23.10374891,12.5,16.9,30.1,231
E02006795,Harrow 032,38.7,15.77540107,5.3,13.9,14.4,386
E02006796,Hillingdon 033,39.6,13.06191688,2.2,13.6,19.6,489
E02006798,Lewisham 039,47.7,18.01896733,6.3,13.7,18.9,365
E02006799,Barking and Dagenham 023,50.2,19.3174501,3.3,18.0,30.1,348
E02006800,Redbridge 034,52.7,24.10171365,7.1,14.3,18.1,569
E02006801,Lambeth 036,44.9,15.02683363,2.4,12.3,13.0,1057
E02006802,Southwark 034,41.4,15.7807309,3.0,14.2,14.1,654
E02006836,Sutton 025,25.7,15.1,0.9,13.0,12.8,755
E02006853,Tower Hamlets 032,58.9,21.9895288,5.0,9.7,14.6,1044
E02006854,Tower Hamlets 033,58.6,23.60248447,3.7,6.8,7.9,1503
E02006882,Harrow 033,27.9,16.71606402,7.0,14.4,18.5,737
E02006918,Hackney 028,51.2,25.39130435,7.6,15.0,21.0,349
E02006921,Hackney 029,52.4,29.65217391,9.5,14.9,31.1,230
E02006924,Redbridge 035,46.8,22.14377407,5.4,15.5,17.6,630
E02006925,Redbridge 036,40.8,22.04724409,4.6,14.9,17.0,743
E02006927,Greenwich 034,51.2,20.2965709,2.3,16.8,21.2,564
E02006928,Greenwich 035,50.4,14.09147095,3.3,9.2,11.4,674
E02006929,Greenwich 036,53.1,16.32183908,2.6,14.3,16.9,741
E02006930,Greenwich 037,46.6,13.62940276,1.8,11.3,12.9,727
E02006931,Greenwich 038,41.1,16.9792695,1.5,12.7,14.0,1170
